,street_number,street_name,states,formed,removed,length_(mi),length_(km),southern_or_western_terminus,northern_or_eastern_terminus,wiki_link,wiki_id,coordinates_name,icon_name,notes
0,US 1,U.S. Route 1,"['Florida', 'Georgia', 'South Carolina', 'North Carolina', 'Virginia', 'District of Columbia', 'Maryland', 'Pennsylvania', 'New Jersey', 'New York', 'Connecticut', 'Rhode Island', 'Massachusetts', 'New Hampshire', 'Maine']",1926.0,,2369.0,3813.0,"Fleming and Whitehead streets in Key West, FL","Route 161 at Canadian border in Fort Kent, ME",https://en.wikipedia.org/wiki/U.S._Route_1,Q406204,u.s._route_1,u.s._route_1,Longest north–south road in the United States; Follows the East Coast of the United States
1,US 2,U.S. Route 2,"['Washington', 'Idaho', 'Montana', 'North Dakota', 'Minnesota', 'Wisconsin', 'Michigan', 'New York', 'Vermont', 'New Hampshire', 'Maine']",1926.0,,2112.0,3399.0,"I-5/SR 529 in Everett, WA","I-75 in St. Ignace, MI",https://en.wikipedia.org/wiki/U.S._Route_2,Q406224,u.s._route_2,u.s._route_2,Western segment
2,US 2,U.S. Route 2,"['Washington', 'Idaho', 'Montana', 'North Dakota', 'Minnesota', 'Wisconsin', 'Michigan', 'New York', 'Vermont', 'New Hampshire', 'Maine']",1926.0,,460.0,740.0,"US 11 in Rouses Point, NY","I-95 in Houlton, ME",https://en.wikipedia.org/wiki/U.S._Route_2,Q406224,u.s._route_2,u.s._route_2,Eastern segment
3,US 3,U.S. Route 3,"['Massachusetts', 'New Hampshire']",1926.0,,273.0,439.0,Route 2A/Route 3 in Cambridge,"Route 257 at the Canadian border in Pittsburg, NH",https://en.wikipedia.org/wiki/U.S._Route_3,Q406241,u.s._route_3,u.s._route_3,
4,US 4,U.S. Route 4,"['New York', 'Vermont', 'New Hampshire']",1926.0,,256.0,412.0,"US 9, US 20 southeast of Albany, NY","I-95/Blue Star Turnpike, Spaulding Turnpike, US 1 Byp., NH 16 in Portsmouth, NH",https://en.wikipedia.org/wiki/U.S._Route_4,Q406257,u.s._route_4,u.s._route_4,Signed north-south in New York
5,US 5,U.S. Route 5,"['Connecticut', 'Massachusetts', 'Vermont']",1926.0,,300.0,480.0,"I-91 in New Haven, CT","Route 143 at the Canadian border in Derby Line, VT",https://en.wikipedia.org/wiki/U.S._Route_5,Q406273,u.s._route_5,u.s._route_5,
6,US 6,U.S. Route 6,"['California', 'Nevada', 'Utah', 'Colorado', 'Nebraska', 'Iowa', 'Illinois', 'Indiana', 'Ohio', 'Pennsylvania', 'New York', 'Connecticut', 'Rhode Island', 'Massachusetts']",1926.0,,3198.87,5148.08,"US 395 in Bishop, CA","Route 6A in Provincetown, MA",https://en.wikipedia.org/wiki/U.S._Route_6,Q303037,u.s._route_6,u.s._route_6,Grand Army of the Republic Highway
7,US 7,U.S. Route 7,"['Connecticut', 'Massachusetts', 'Vermont']",1926.0,,309.0,497.0,"I-95 in Norwalk, CT","I-89 near Swanton, VT",https://en.wikipedia.org/wiki/U.S._Route_7,Q406788,u.s._route_7,u.s._route_7,
8,US 8,U.S. Route 8,"['Minnesota', 'Wisconsin', 'Michigan']",1926.0,,281.0,452.0,"I-35 in Forest Lake, MN","US 2 in Norway, MI",https://en.wikipedia.org/wiki/U.S._Route_8,Q406815,u.s._route_8,u.s._route_8,
9,US 9,U.S. Route 9,"['Delaware', 'New Jersey', 'New York']",1926.0,,521.0,838.0,"US 13 in Laurel, DE","I-87 at Champlain, NY",https://en.wikipedia.org/wiki/U.S._Route_9,Q406831,u.s._route_9,u.s._route_9,Route includes Cape May–Lewes Ferry across the Delaware Bay; New York signs the northern end at a dead-ending parking lot just south of the border crossing
10,US 10,U.S. Route 10,"['North Dakota', 'Minnesota', 'Wisconsin', 'Michigan']",1926.0,,711.0,1144.0,"I-94/BL I-94/US 52 in West Fargo, ND","I-75/BL I-75/US 23/M-25 near Bay City, MI",https://en.wikipedia.org/wiki/U.S._Route_10,Q406876,u.s._route_10,u.s._route_10,Route includes the SS Badger across Lake Michigan
11,US 11,U.S. Route 11,"['Louisiana', 'Mississippi', 'Alabama', 'Georgia', 'Tennessee', 'Virginia', 'West Virginia', 'Maryland', 'Pennsylvania', 'New York']",1926.0,,1645.0,2647.0,"US 90 east of New Orleans, LA","Canadian border at Rouses Point, NY",https://en.wikipedia.org/wiki/U.S._Route_11,Q407534,u.s._route_11,u.s._route_11,
12,US 12,U.S. Route 12,"['Washington', 'Idaho', 'Montana', 'North Dakota', 'South Dakota', 'Minnesota', 'Wisconsin', 'Illinois', 'Indiana', 'Michigan']",1926.0,,2484.0,3998.0,"US 101 at Aberdeen, WA","M-1/M-85 in Detroit, MI",https://en.wikipedia.org/wiki/U.S._Route_12,Q407564,u.s._route_12,u.s._route_12,
13,US 13,U.S. Route 13,"['North Carolina', 'Virginia', 'Maryland', 'Delaware', 'Pennsylvania']",1926.0,,526.0,847.0,"I-95/I-295 northeast of Fayetteville, NC","US 1 in Morrisville, PA",https://en.wikipedia.org/wiki/U.S._Route_13,Q407619,u.s._route_13,u.s._route_13,"Pennsylvania signs the northern end at US 1, just south of AASHTO's end"
14,US 14,U.S. Route 14,"['Wyoming', 'South Dakota', 'Minnesota', 'Wisconsin', 'Illinois']",1926.0,,1398.0,2250.0,"US 16/US 20/Grand Loop Road in Yellowstone National Park, WY","US 41 in Chicago, IL",https://en.wikipedia.org/wiki/U.S._Route_14,Q407638,u.s._route_14,u.s._route_14,
15,US 15,U.S. Route 15,"['South Carolina', 'North Carolina', 'Virginia', 'Maryland', 'Pennsylvania', 'New York']",1926.0,,792.0,1275.0,"US 17 Alt./ in Walterboro, SC","I-86/I-99/NY 17 in Painted Post, NY",https://en.wikipedia.org/wiki/U.S._Route_15,Q407683,u.s._route_15,u.s._route_15,
16,US 16,U.S. Route 16,"['Wyoming', 'South Dakota']",1926.0,,489.0,787.0,"US 14/US 20/Grand Loop Road in Yellowstone National Park, WY","I-90/I-190/US 14/SD 79 in Rapid City, SD",https://en.wikipedia.org/wiki/U.S._Route_16,Q407823,u.s._route_16,u.s._route_16,
17,US 17,U.S. Route 17,"['Florida', 'Georgia', 'South Carolina', 'North Carolina', 'Virginia']",1926.0,,1189.0,1914.0,"US 41 in Punta Gorda, FL","US 11, US 50, US 522 in Winchester, VA",https://en.wikipedia.org/wiki/U.S._Route_17,Q407838,u.s._route_17,u.s._route_17,
18,US 17-1,U.S. Route 17-1,,1926.0,1932.0,243.0,391.0,"Wilmington, NC","Petersburg, VA",https://en.wikipedia.org/wiki/U.S._Route_17-1,Q2429201,,u.s._route_17-1,Replaced by US 117 and US 301
19,US 18,U.S. Route 18,"['Wyoming', 'South Dakota', 'Iowa', 'Wisconsin']",1926.0,,1033.0,1662.0,"I-25, US 20, US 26, US 87 in Orin, WY","East Michigan Street and Lincoln Memorial Drive in Milwaukee, WI",https://en.wikipedia.org/wiki/U.S._Route_18,Q407853,u.s._route_18,u.s._route_18,
20,US 19,U.S. Route 19,"['Florida', 'Georgia', 'North Carolina', 'Tennessee', 'Virginia', 'West Virginia', 'Pennsylvania']",1926.0,,1386.0,2231.0,"US 41 in Palmetto, FL","US 20 in Erie, PA",https://en.wikipedia.org/wiki/U.S._Route_19,Q407866,u.s._route_19,u.s._route_19,
21,US 20,U.S. Route 20,"['Oregon', 'Idaho', 'Montana', 'Wyoming', 'Nebraska', 'Iowa', 'Illinois', 'Indiana', 'Ohio', 'Pennsylvania', 'New York', 'Massachusetts']",1926.0,,3365.0,5415.0,"US 101 in Newport, ORYellowstone National Park, WY","Yellowstone National Park, MTRoute 2 in Boston, MA",https://en.wikipedia.org/wiki/U.S._Route_20,Q407881,u.s._route_20,u.s._route_20,Segments connected by road through Yellowstone National Park
22,US 21,U.S. Route 21,"['South Carolina', 'North Carolina', 'Virginia']",1926.0,,393.0,632.0,"State Road S-7-406 in Hunting Island, SC","I-81, US 52 in Wytheville, VA",https://en.wikipedia.org/wiki/U.S._Route_21,Q408104,u.s._route_21,u.s._route_21,
23,US 22,U.S. Route 22,"['Ohio', 'West Virginia', 'Pennsylvania', 'New Jersey']",1926.0,,651.0,1048.0,"US 27, US 42, US 52, US 127 in Cincinnati, OH","US 1/US 9 in Newark, NJ",https://en.wikipedia.org/wiki/U.S._Route_22,Q408121,u.s._route_22,u.s._route_22,
24,US 23,U.S. Route 23,"['Florida', 'Georgia', 'North Carolina', 'Tennessee', 'Virginia', 'Kentucky', 'Ohio', 'Michigan']",1926.0,,1444.0,2324.0,"US 1, US 17 in Jacksonville, FL","I-75 in Mackinaw City, MI",https://en.wikipedia.org/wiki/U.S._Route_23,Q408133,u.s._route_23,u.s._route_23,"Michigan signs the northern end where it merges with I-75, while AASHTO continues it north to the southern end of the Mackinac Bridge"
25,US 24,U.S. Route 24,"['Colorado', 'Kansas', 'Missouri', 'Illinois', 'Indiana', 'Ohio', 'Michigan']",1926.0,,1540.0,2480.0,"I-70/US 6 in Minturn, CO","I-75 near Clarkston, MI",https://en.wikipedia.org/wiki/U.S._Route_24,Q408147,u.s._route_24,u.s._route_24,
26,US 25,U.S. Route 25,"['Georgia', 'South Carolina', 'North Carolina', 'Tennessee', 'Kentucky']",1926.0,,750.0,1210.0,"US 17 in Brunswick, GA","US 42, US 127 at the Ohio River in Covington, KY",https://en.wikipedia.org/wiki/U.S._Route_25,Q408169,u.s._route_25,u.s._route_25,
27,US 26,U.S. Route 26,"['Oregon', 'Idaho', 'Wyoming', 'Nebraska']",1926.0,,1485.0,2390.0,"US 101 south of Seaside, OR","I-80/NE 61 in Ogallala, NE",https://en.wikipedia.org/wiki/U.S._Route_26,Q408902,u.s._route_26,u.s._route_26,
28,US 27,U.S. Route 27,"['Florida', 'Georgia', 'Tennessee', 'Kentucky', 'Ohio', 'Indiana']",1926.0,,1364.0,2195.0,"US 1 in Miami, FL","I-69 in Fort Wayne, IN",https://en.wikipedia.org/wiki/U.S._Route_27,Q408924,u.s._route_27,u.s._route_27,
29,US 28,U.S. Route 28,['Oregon'],1926.0,1952.0,387.0,623.0,"US 99 in Eugene, OR","US 20 in Ontario, OR",https://en.wikipedia.org/wiki/U.S._Route_28,Q408940,u.s._route_28,u.s._route_28,"Intrastate, Oregon only; replaced by US 26 & US 126 (now OR 126)"
30,US 29,U.S. Route 29,"['Florida', 'Alabama', 'Georgia', 'South Carolina', 'North Carolina', 'Virginia', 'District of Columbia', 'Maryland']",1926.0,,1036.0,1667.0,"US 90, US 98 in Pensacola, FL","MD 99 in Ellicott City, MD",https://en.wikipedia.org/wiki/U.S._Route_29,Q408957,u.s._route_29,u.s._route_29,
31,US 30,U.S. Route 30,"['Oregon', 'Idaho', 'Wyoming', 'Nebraska', 'Iowa', 'Illinois', 'Indiana', 'Ohio', 'West Virginia', 'Pennsylvania', 'New Jersey']",1926.0,,3073.0,4946.0,"US 101 in Astoria, OR","Absecon Boulevard and Virginia Avenue in Atlantic City, NJ",https://en.wikipedia.org/wiki/U.S._Route_30,Q408993,u.s._route_30,u.s._route_30,"A majority of the historic Lincoln Highway, one of the first roads across the country, became US 30, from Philadelphia, Pennsylvania, to Granger, Wyoming."
32,US 31,U.S. Route 31,"['Alabama', 'Tennessee', 'Kentucky', 'Indiana', 'Michigan']",1926.0,,1280.0,2060.0,"US 90, US 98, SR 16 in Spanish Fort, AL","I-75 south of Mackinaw City, MI",https://en.wikipedia.org/wiki/U.S._Route_31,Q409352,u.s._route_31,u.s._route_31,"Michigan signs the northern end where it merges with I-75, while AASHTO continues it north to the southern end of the Mackinac Bridge"
33,US 32,U.S. Route 32,"['Nebraska', 'Iowa', 'Illinois']",1926.0,1934.0,511.0,822.0,"Council Bluffs, IA","Chicago, IL",https://en.wikipedia.org/wiki/U.S._Route_32,Q112967643,,u.s._route_32,Replaced by US 6
34,US 33,U.S. Route 33,"['Virginia', 'West Virginia', 'Ohio', 'Indiana']",1937.0,,703.0,1131.0,"US 250/SR 33 in Richmond, VA","US 20 in Elkhart, IN",https://en.wikipedia.org/wiki/U.S._Route_33,Q409374,u.s._route_33,u.s._route_33,
35,US 34,U.S. Route 34,"['Colorado', 'Nebraska', 'Iowa', 'Illinois']",1926.0,,1122.0,1806.0,"US 40 in Granby, CO","IL 43 in Berwyn, IL",https://en.wikipedia.org/wiki/U.S._Route_34,Q409435,u.s._route_34,u.s._route_34,
36,US 35,U.S. Route 35,"['West Virginia', 'Ohio', 'Indiana']",1934.0,,424.0,682.0,"I-64 in Teays Valley, WV","US 20 in Michigan City, IN",https://en.wikipedia.org/wiki/U.S._Route_35,Q409449,u.s._route_35,u.s._route_35,Indiana signs the northern end at US 12
37,US 36,U.S. Route 36,"['Colorado', 'Kansas', 'Missouri', 'Illinois', 'Indiana', 'Ohio']",1926.0,,1414.0,2276.0,"US 34 west of Estes Park, CO","US 250 in Uhrichsville, OH",https://en.wikipedia.org/wiki/U.S._Route_36,Q409462,u.s._route_36,u.s._route_36,
38,US 37,U.S. Route 37,"['Tennessee', 'Kentucky']",1935.0,1944.0,204.0,328.0,"Chattanooga, TN","Sellersburg, IN",https://en.wikipedia.org/wiki/U.S._Route_37,Q409476,u.s._route_37,u.s._route_37,Replaced by US 31E; proposed by AASHTO but rejected by states
39,US 38,U.S. Route 38,"['California', 'Nevada', 'Utah', 'Colorado', 'Nebraska', 'Iowa', 'Illinois', 'Indiana', 'Ohio', 'Pennsylvania', 'New York', 'Connecticut', 'Rhode Island', 'Massachusetts']",1926.0,1931.0,598.0,962.0,"US-34 in Greeley, CO","20th and Farnam/Harney Streets in Omaha, NE",https://en.wikipedia.org/wiki/U.S._Route_38,Q303037,u.s._route_38,u.s._route_38,Replaced by US 6
40,US 40,U.S. Route 40,"['Utah', 'Colorado', 'Kansas', 'Missouri', 'Illinois', 'Indiana', 'Ohio', 'West Virginia', 'Pennsylvania', 'Maryland', 'Delaware', 'New Jersey']",1926.0,,2285.74,3678.54,"I-80, US 189 north of Park City, UT","US 322 in Atlantic City, NJ",https://en.wikipedia.org/wiki/U.S._Route_40,Q409496,u.s._route_40,u.s._route_40,"Replaced by I-80 between San Francisco, CA and US 189 north of Park City, UT"
41,US 41,U.S. Route 41,"['Florida', 'Georgia', 'Tennessee', 'Kentucky', 'Indiana', 'Illinois', 'Wisconsin', 'Michigan']",1926.0,,2006.0,3228.0,"US 1 at Miami Beach, FL","East of Copper Harbor, MI",https://en.wikipedia.org/wiki/U.S._Route_41,Q12441,u.s._route_41,u.s._route_41,
42,US 42,U.S. Route 42,"['Kentucky', 'Ohio']",1926.0,,355.0,571.0,"US 31E, US 60 in Louisville, KY","US 6, US 20, US 322, US 422 in Cleveland, OH",https://en.wikipedia.org/wiki/U.S._Route_42,Q409596,u.s._route_42,u.s._route_42,"Kentucky signs the western end of US 42 at US 31E/US 60, just west of I-65"
43,US 43,U.S. Route 43,"['Alabama', 'Tennessee']",1934.0,,410.0,660.0,"US 31, US 45, US 90 in Mobile, AL","US 31 in Columbia, TN",https://en.wikipedia.org/wiki/U.S._Route_43,Q409624,u.s._route_43,u.s._route_43,Alabama signs the southern end at US 90 north of downtown Mobile
44,US 44,U.S. Route 44,"['New York', 'Connecticut', 'Rhode Island', 'Massachusetts']",1926.0,,238.0,383.0,"US 209 northeast of Ellenville, NY","SR 3A in Plymouth, MA",https://en.wikipedia.org/wiki/U.S._Route_44,Q409639,u.s._route_44,u.s._route_44,
45,US 45,U.S. Route 45,"['Alabama', 'Mississippi', 'Tennessee', 'Kentucky', 'Illinois', 'Wisconsin', 'Michigan']",1926.0,,1297.0,2087.0,"US 31, US 43, US 90 in Mobile, AL","River and Ontonagon streets in Ontonagon, MI",https://en.wikipedia.org/wiki/U.S._Route_45,Q409664,u.s._route_45,u.s._route_45,Alabama signs the southern end at US 98 west of downtown Mobile
46,US 46,U.S. Route 46,['New Jersey'],1935.0,,75.0,121.0,"I-80/Route 94 in Columbia, NJ","I-95, US 1, US 9 at the Hudson River in Fort Lee, NJ",https://en.wikipedia.org/wiki/U.S._Route_46,Q409675,u.s._route_46,u.s._route_46,"Intrastate, New Jersey only"
47,US 48,U.S. Route 48,"['West Virginia', 'Virginia']",2002.0,,148.0,238.0,"I-79, US 33, US 119 east of Weston, WV","I-81 north of Strasburg, VA",https://en.wikipedia.org/wiki/U.S._Route_48,Q409684,u.s._route_48,u.s._route_48,Temporary route for Corridor H
48,US 48,U.S. Route 48 in California,['California'],1926.0,1931.0,67.0,108.0,"San Jose, CA","French Camp, CA",https://en.wikipedia.org/wiki/U.S._Route_48_in_California,Q25352883,,u.s._route_48_in_california,"Intrastate, California only; replaced by US 50"
49,US 48,U.S. Route 48 (1970s),"['West Virginia', 'Maryland']",1975.0,1989.0,133.0,214.0,"Morgantown, WV","Hancock, MD",https://en.wikipedia.org/wiki/U.S._Route_48_(1970s),Q94613,u.s._route_48_(1970s),u.s._route_48_(1970s),Replaced by I-68
50,US 49,U.S. Route 49,"['Mississippi', 'Arkansas']",1926.0,,516.0,830.0,"US 90 in Gulfport, MS","US 62 in Piggott, AR",https://en.wikipedia.org/wiki/U.S._Route_49,Q409710,u.s._route_49,u.s._route_49,
51,US 50,U.S. Route 50,"['California', 'Nevada', 'Utah', 'Colorado', 'Kansas', 'Missouri', 'Illinois', 'Indiana', 'Ohio', 'West Virginia', 'Virginia', 'District of Columbia', 'Maryland']",1926.0,,3017.0,4855.0,"I-80 in West Sacramento, CA","MD 378 in Ocean City, MD",https://en.wikipedia.org/wiki/U.S._Route_50,Q409726,u.s._route_50,u.s._route_50,
52,US 51,U.S. Route 51,"['Louisiana', 'Mississippi', 'Tennessee', 'Kentucky', 'Illinois', 'Wisconsin']",1926.0,,1286.0,2070.0,"US 61 in LaPlace, LA","US 2 in Hurley, WI",https://en.wikipedia.org/wiki/U.S._Route_51,Q409816,u.s._route_51,u.s._route_51,
53,US 52,U.S. Route 52,"['North Dakota', 'Minnesota', 'Iowa', 'Illinois', 'Indiana', 'Ohio', 'West Virginia', 'Kentucky', 'Virginia', 'North Carolina', 'South Carolina']",1926.0,,2072.0,3335.0,"Canadian border at Portal, ND","Line and Meeting streets in Charleston, SC",https://en.wikipedia.org/wiki/U.S._Route_52,Q409832,u.s._route_52,u.s._route_52,
54,US 53,U.S. Route 53,"['Wisconsin', 'Minnesota']",1926.0,,403.0,649.0,"US 14, US 61 in La Crosse, WI","Canadian border at International Falls, MN",https://en.wikipedia.org/wiki/U.S._Route_53,Q409850,u.s._route_53,u.s._route_53,
55,US 54,U.S. Route 54,"['Texas', 'New Mexico', 'Oklahoma', 'Kansas', 'Missouri', 'Illinois']",1926.0,,1197.0,1926.0,"Loop 375 in El Paso, TX","I-72/US 36/IL 107 near Griggsville, IL",https://en.wikipedia.org/wiki/U.S._Route_54,Q409870,u.s._route_54,u.s._route_54,Texas signs the western end at a point east of the border crossing
56,US 55,U.S. Route 55,"['Iowa', 'Minnesota']",1926.0,1934.0,370.0,600.0,"US 61 in Davenport, IA","US 12 in Minneapolis, MN",https://en.wikipedia.org/wiki/U.S._Route_55,Q409883,u.s._route_55,u.s._route_55,"Replaced by US 67, US 52 and US 65"
57,US 56,U.S. Route 56,"['New Mexico', 'Oklahoma', 'Kansas', 'Missouri']",1957.0,,640.0,1030.0,"I-25 Bus./US 412/NM 21 in Springer, NM","US 71 in Kansas City, MO",https://en.wikipedia.org/wiki/U.S._Route_56,Q409899,u.s._route_56,u.s._route_56,Mostly follows the Santa Fe Trail and Cimarron Cutoff
58,US 57,U.S. Route 57,['Texas'],1970.0,,103.0,166.0,"Mexican border at Eagle Pass, TX","I-35 southwest of Moore, TX",https://en.wikipedia.org/wiki/U.S._Route_57,Q409911,u.s._route_57,u.s._route_57,"Intrastate, Texas only"
59,US 58,U.S. Route 58,"['Tennessee', 'Virginia']",1931.0,,509.0,819.0,"US 25E in Cumberland Gap, TN","US 60 in Virginia Beach, VA",https://en.wikipedia.org/wiki/U.S._Route_58,Q409923,u.s._route_58,u.s._route_58,
60,US 59,U.S. Route 59,"['Texas', 'Arkansas', 'Oklahoma', 'Kansas', 'Missouri', 'Iowa', 'Minnesota']",1935.0,,1911.0,3075.0,"Mexican border at Laredo, TX","Canadian border near Lancaster, MN",https://en.wikipedia.org/wiki/U.S._Route_59,Q409939,u.s._route_59,u.s._route_59,
61,US 60,U.S. Route 60,"['Arizona', 'New Mexico', 'Texas', 'Oklahoma', 'Missouri', 'Illinois', 'Kentucky', 'West Virginia', 'Virginia']",1926.0,,2670.0,4300.0,"I-10 west of Brenda, AZ","General Booth Bd. in Virginia Beach, VA",https://en.wikipedia.org/wiki/U.S._Route_60,Q409952,u.s._route_60,u.s._route_60,
62,US 61,U.S. Route 61,"['Louisiana', 'Mississippi', 'Tennessee', 'Arkansas', 'Missouri', 'Iowa', 'Wisconsin', 'Minnesota']",1926.0,,1400.0,2300.0,"US 90 in New Orleans, LA","I-35 in Wyoming, MN",https://en.wikipedia.org/wiki/U.S._Route_61,Q409964,u.s._route_61,u.s._route_61,
63,US 62,U.S. Route 62,"['Texas', 'New Mexico', 'Oklahoma', 'Arkansas', 'Missouri', 'Illinois', 'Kentucky', 'Ohio', 'Pennsylvania', 'New York']",1930.0,,2248.0,3618.0,"US 85 in El Paso, TX","Canadian border at Niagara Falls, NY",https://en.wikipedia.org/wiki/U.S._Route_62,Q409975,u.s._route_62,u.s._route_62,"New York signs the northern (eastern) end in Niagara Falls, northeast of the border crossing"
64,US 63,U.S. Route 63,"['Louisiana', 'Arkansas', 'Missouri', 'Iowa', 'Minnesota', 'Wisconsin']",1926.0,,1286.0,2070.0,"I-20, US 167 in Ruston, LA","US 2 southwest of Ashland, WI",https://en.wikipedia.org/wiki/U.S._Route_63,Q409985,u.s._route_63,u.s._route_63,
65,US 64,U.S. Route 64,"['Arizona', 'New Mexico', 'Oklahoma', 'Arkansas', 'Tennessee', 'North Carolina']",1926.0,,2326.0,3743.0,"US 160 in Teec Nos Pos, AZ","US 158 south of Nags Head, NC",https://en.wikipedia.org/wiki/U.S._Route_64,Q410000,u.s._route_64,u.s._route_64,
66,US 65,U.S. Route 65,"['Louisiana', 'Arkansas', 'Missouri', 'Iowa', 'Minnesota']",1926.0,,969.0,1559.0,"US 425 in Clayton, LA","I-35 in Albert Lea, MN",https://en.wikipedia.org/wiki/U.S._Route_65,Q410014,u.s._route_65,u.s._route_65,Minnesota signs the northern end at I-35 south of I-90
67,US 66,U.S. Route 66,"['California', 'Arizona', 'New Mexico', 'Texas', 'Oklahoma', 'Kansas', 'Missouri', 'Illinois']",1926.0,1985.0,2451.0,3945.0,"US 101 Alt. in Santa Monica, CA","US 41 in Chicago, IL",https://en.wikipedia.org/wiki/U.S._Route_66,Q79934,u.s._route_66,u.s._route_66,"Replaced by I-10, I-15, I-40, I-44, I-55, etc."
68,US 67,U.S. Route 67,"['Texas', 'Arkansas', 'Missouri', 'Illinois', 'Iowa']",1926.0,,1560.0,2510.0,"Mexican border at Presidio, TX","US 52 in Sabula, IA",https://en.wikipedia.org/wiki/U.S._Route_67,Q410030,u.s._route_67,u.s._route_67,
69,US 68,U.S. Route 68,"['Kentucky', 'Ohio']",1926.0,,560.0,900.0,"US 62 in Reidland, KY","I-75 in Findlay, OH",https://en.wikipedia.org/wiki/U.S._Route_68,Q410041,u.s._route_68,u.s._route_68,
70,US 69,U.S. Route 69,"['Texas', 'Oklahoma', 'Kansas', 'Missouri', 'Iowa', 'Minnesota']",1926.0,,1136.0,1828.0,"US 96/US 287/TX 87 at Port Arthur, TX","MN 13 in Albert Lea, MN",https://en.wikipedia.org/wiki/U.S._Route_69,Q410053,u.s._route_69,u.s._route_69,
71,US 70,U.S. Route 70,"['Arizona', 'New Mexico', 'Texas', 'Oklahoma', 'Arkansas', 'Tennessee', 'North Carolina']",1926.0,,2385.0,3838.0,"US 60 in Globe, AZ","Seashore Drive/Little Port Brook in Atlantic, NC",https://en.wikipedia.org/wiki/U.S._Route_70,Q410063,u.s._route_70,u.s._route_70,
72,US 71,U.S. Route 71,"['Louisiana', 'Texas', 'Arkansas', 'Missouri', 'Iowa', 'Minnesota']",1926.0,,1532.0,2466.0,"US 190 west of Krotz Springs, LA","Canadian border at International Falls, MN",https://en.wikipedia.org/wiki/U.S._Route_71,Q410321,u.s._route_71,u.s._route_71,
73,US 72,U.S. Route 72,"['Tennessee', 'Mississippi', 'Alabama']",1926.0,,432.0,695.0,"US 64/US 70/US 79 in Memphis, TN","US 11/US 41/US 64/US 76 in Chattanooga, TN",https://en.wikipedia.org/wiki/U.S._Route_72,Q410334,u.s._route_72,u.s._route_72,Only non-intrastate highway to have its termini in the same state
74,US 73,U.S. Route 73,"['Kansas', 'Nebraska']",1926.0,,112.0,180.0,"I-70/US 24/US 40/K-7 in Bonner Springs, KS","US 75 north of Dawson, NE",https://en.wikipedia.org/wiki/U.S._Route_73,Q410354,u.s._route_73,u.s._route_73,
75,US 74,U.S. Route 74,"['Tennessee', 'North Carolina']",1926.0,,524.0,843.0,"I-24/I-75 in Chattanooga, TN","Lumina Avenue in Wrightsville Beach, NC",https://en.wikipedia.org/wiki/U.S._Route_74,Q410368,u.s._route_74,u.s._route_74,
76,US 75,U.S. Route 75,"['Texas', 'Oklahoma', 'Kansas', 'Nebraska', 'Iowa', 'Minnesota']",1926.0,,1239.0,1994.0,"I-30, I-45, US 67 in Dallas, TX","Canadian border at Noyes, MN",https://en.wikipedia.org/wiki/U.S._Route_75,Q410377,u.s._route_75,u.s._route_75,
77,US 76,U.S. Route 76,"['Tennessee', 'Georgia', 'South Carolina', 'North Carolina']",1926.0,,547.0,880.0,"US 11/US 41/US 64/US 72 in Chattanooga, TN","Lumina Avenue in Wrightsville Beach, NC",https://en.wikipedia.org/wiki/U.S._Route_76,Q410389,u.s._route_76,u.s._route_76,
78,US 77,U.S. Route 77,"['Texas', 'Oklahoma', 'Kansas', 'Nebraska', 'Iowa']",1926.0,,1305.0,2100.0,"Mexican border at Brownsville, TX","I-29/SR 12 in Sioux City, IA",https://en.wikipedia.org/wiki/U.S._Route_77,Q410404,u.s._route_77,u.s._route_77,
79,US 78,U.S. Route 78,"['Tennessee', 'Mississippi', 'Alabama', 'Georgia', 'South Carolina']",1926.0,,715.0,1151.0,"US 64/US 70/US 79 in Memphis, TN","US 17 in Charleston, SC",https://en.wikipedia.org/wiki/U.S._Route_78,Q410422,u.s._route_78,u.s._route_78,
80,US 79,U.S. Route 79,"['Texas', 'Louisiana', 'Arkansas', 'Tennessee', 'Kentucky']",1935.0,,873.0,1405.0,"I-35 in Round Rock, TX","US 68 in Russellville, KY",https://en.wikipedia.org/wiki/U.S._Route_79,Q410440,u.s._route_79,u.s._route_79,"Texas signs the southern end at I-35 at Round Rock, north of Austin"
81,US 80,U.S. Route 80,"['Texas', 'Louisiana', 'Mississippi', 'Alabama', 'Georgia']",1926.0,,1032.0,1661.0,"I-30 in Dallas, TX","19th Street in Tybee Island, GA",https://en.wikipedia.org/wiki/U.S._Route_80,Q410457,u.s._route_80,u.s._route_80,
82,US 81,U.S. Route 81,"['Texas', 'Oklahoma', 'Kansas', 'Nebraska', 'South Dakota', 'North Dakota']",1926.0,,1234.0,1986.0,"I-35W, US 287 north of Fort Worth, TX","Canadian border at Pembina, ND",https://en.wikipedia.org/wiki/U.S._Route_81,Q410661,u.s._route_81,u.s._route_81,
83,US 82,U.S. Route 82,"['New Mexico', 'Texas', 'Arkansas', 'Mississippi', 'Alabama', 'Georgia']",1932.0,,1680.0,2700.0,"US 54/US 70 in Alamogordo, NM","I-95, US 17 southwest of Brunswick, GA",https://en.wikipedia.org/wiki/U.S._Route_82,Q410676,u.s._route_82,u.s._route_82,
84,US 83,U.S. Route 83,"['Texas', 'Oklahoma', 'Kansas', 'Nebraska', 'South Dakota', 'North Dakota']",1926.0,,1894.0,3048.0,"Mexican border at Brownsville, TX","Canadian border near Westhope, ND",https://en.wikipedia.org/wiki/U.S._Route_83,Q410689,u.s._route_83,u.s._route_83,
85,US 84,U.S. Route 84,"['Colorado', 'New Mexico', 'Texas', 'Louisiana', 'Mississippi', 'Alabama', 'Georgia']",1926.0,,1919.0,3088.0,"US 160 in Pagosa Springs, CO","I-95/GA 405 east of Midway, GA",https://en.wikipedia.org/wiki/U.S._Route_84,Q410700,u.s._route_84,u.s._route_84,
86,US 85,U.S. Route 85,"['Texas', 'New Mexico', 'Colorado', 'Wyoming', 'South Dakota', 'North Dakota']",1926.0,,1479.0,2380.0,"US 62 in El Paso, TX","Canadian border at Fortuna, ND",https://en.wikipedia.org/wiki/U.S._Route_85,Q410716,u.s._route_85,u.s._route_85,
87,US 87,U.S. Route 87,"['Texas', 'New Mexico', 'Colorado', 'Wyoming', 'Montana']",1926.0,,1998.0,3215.0,"SH 238 in Port Lavaca, TX","US 2 west of Havre, MT",https://en.wikipedia.org/wiki/U.S._Route_87,Q410730,u.s._route_87,u.s._route_87,Concurrent and unsigned with I-25 through all of Colorado and part of New Mexico
88,US 89,U.S. Route 89,"['Arizona', 'Utah', 'Idaho', 'Wyoming', 'Montana']",1926.0,,1247.0,2007.0,"US 180 in Flagstaff, AZYellowstone National Park, MT near Gardiner, MT","Yellowstone National Park, WYCanadian border near Babb, MT",https://en.wikipedia.org/wiki/U.S._Route_89,Q410743,u.s._route_89,u.s._route_89,Segments connected by road through Yellowstone National Park
89,US 90,U.S. Route 90,"['Texas', 'Louisiana', 'Mississippi', 'Alabama', 'Florida']",1926.0,,1633.0,2628.0,"I-10 in Van Horn, TX","SR A1A in Jacksonville Beach, FL",https://en.wikipedia.org/wiki/U.S._Route_90,Q410756,u.s._route_90,u.s._route_90,Follows the Gulf Coast of the US
90,US 91,U.S. Route 91,"['Utah', 'Idaho']",1926.0,,163.0,262.0,"I-15, I-84 in Brigham City, UT","US 26 southwest of Idaho Falls, ID",https://en.wikipedia.org/wiki/U.S._Route_91,Q410767,u.s._route_91,u.s._route_91,
91,US 92,U.S. Route 92,['Florida'],1926.0,,177.0,285.0,"I-175, I-375, SR 687 in St. Petersburg, FL","SR A1A in Daytona Beach, FL",https://en.wikipedia.org/wiki/U.S._Route_92,Q410779,u.s._route_92,u.s._route_92,"Intrastate, Florida only"
92,US 93,U.S. Route 93,"['Arizona', 'Nevada', 'Idaho', 'Montana']",1926.0,,1346.0,2166.0,"US 60 in Wickenburg, AZ","Canadian border at Eureka, MT",https://en.wikipedia.org/wiki/U.S._Route_93,Q410790,u.s._route_93,u.s._route_93,
93,US 94,U.S. Route 94,['Florida'],1926.0,1949.0,110.0,180.0,"Naples, FL","Miami, FL",https://en.wikipedia.org/wiki/U.S._Route_94,Q410801,u.s._route_94,u.s._route_94,"Intrastate, Florida only; replaced by US 41"
94,US 95,U.S. Route 95,"['Arizona', 'California', 'Nevada', 'Oregon', 'Idaho']",1926.0,,1574.0,2533.0,"Mexican border at San Luis, AZ","Canadian border at Eastport, ID",https://en.wikipedia.org/wiki/U.S._Route_95,Q410826,u.s._route_95,u.s._route_95,
95,US 96,U.S. Route 96,['Texas'],1939.0,,170.0,270.0,"US 69/US 287/TX 87 in Port Arthur, TX","US 59, US 84 in Tenaha, TX",https://en.wikipedia.org/wiki/U.S._Route_96,Q410837,u.s._route_96,u.s._route_96,"Intrastate, Texas only"
96,US 96,U.S. Route 96 (1926),['Texas'],1926.0,1939.0,403.0,649.0,"Laredo, TX","Houston, TX",https://en.wikipedia.org/wiki/U.S._Route_96_(1926),Q2505525,u.s._route_96_(1926),u.s._route_96_(1926),"Intrastate, Texas only; replaced by US 59"
97,US 97,U.S. Route 97,"['California', 'Oregon', 'Washington']",1926.0,,663.0,1067.0,"I-5 in Weed, CA","Canadian border near Osoyoos, BC",https://en.wikipedia.org/wiki/U.S._Route_97,Q410849,u.s._route_97,u.s._route_97,
98,US 98,U.S. Route 98,"['Mississippi', 'Alabama', 'Florida']",1933.0,,939.0,1511.0,"US 61, US 84, US 425 in Natchez, MS","US 1 in West Palm Beach, FL",https://en.wikipedia.org/wiki/U.S._Route_98,Q410861,u.s._route_98,u.s._route_98,"Mississippi records indicate the western end is at US 84 in Bude, although there are US 98 shields as far west as Natchez. Florida signs US 98 east of US 1, ending at SR A1A."
99,US 99,U.S. Route 99,"['California', 'Oregon', 'Washington']",1926.0,1972.0,1600.0,2600.0,"Mexican border at Calexico, CA","Canadian border at Blaine, WA",https://en.wikipedia.org/wiki/U.S._Route_99,Q410877,,u.s._route_99,Replaced by I-5 and SR 99
100,US 101,U.S. Route 101,"['California', 'Oregon', 'Washington']",1926.0,,1519.0,2445.0,"I-5 in Los Angeles, CA","I-5 in Tumwater, WA",https://en.wikipedia.org/wiki/U.S._Route_101,Q410892,u.s._route_101,u.s._route_101,Follows the West Coast of the United States
101,US 102,U.S. Route 102,"['Wisconsin', 'Michigan']",1926.0,1928.0,36.0,58.0,"US 2 in Crystal Falls, MI","US 41 in Covington, MI",https://en.wikipedia.org/wiki/U.S._Route_102,Q839227,u.s._route_102,u.s._route_102,"Intrastate, Michigan only; first US Highway designation to be decommissioned; replaced by US 141"
102,US 104,U.S. Route 104,['New York'],1934.0,1971.0,167.0,269.0,"Niagara Falls, NY","East of Mexico, NY",https://en.wikipedia.org/wiki/U.S._Route_104,Q2486216,u.s._route_104,u.s._route_104,"Intrastate, New York only; redesignated NY 104"
103,US 106,U.S. Route 106,['Pennsylvania'],1926.0,1973.0,95.0,153.0,"Wyalusing, PA","Narrowsburg, NY",https://en.wikipedia.org/wiki/U.S._Route_106,Q1116101,u.s._route_106,u.s._route_106,Redesignated PA 106
104,US 109,U.S. Route 109,['New York'],1926.0,,214.0,344.0,"New York, NY","Glens Falls, NY",https://en.wikipedia.org/wiki/U.S._Route_109,Q2487028,u.s._route_109,u.s._route_109,"Intrastate, New York only; replaced by US 9; not in revised numbering plan"
105,US 110,U.S. Route 110,['Wisconsin'],1926.0,1938.0,40.0,64.0,"Oshkosh, WI","Fremont, WI",https://en.wikipedia.org/wiki/U.S._Route_110,Q839367,,u.s._route_110,"Intrastate, Wisconsin only; redesignated WIS 110"
106,US 111,U.S. Route 111,"['Maryland', 'Pennsylvania']",1926.0,1963.0,254.0,409.0,"Baltimore, MD","Lemoyne, PA",https://en.wikipedia.org/wiki/U.S._Route_111,Q935101,u.s._route_111,u.s._route_111,Replaced by I-83 and MD 45
107,US 112,U.S. Route 112,['Michigan'],1926.0,1961.0,207.0,333.0,"US 12 in New Buffalo, MI","US 10, US 12, US 16, US 25 in Detroit, MI",https://en.wikipedia.org/wiki/U.S._Route_112,Q2351189,u.s._route_112,u.s._route_112,Replaced by US 12
108,US 113,U.S. Route 113,"['Maryland', 'Delaware']",1926.0,,73.0,117.0,"US 13 in Pocomoke City, MD","DE 1 in Milford, DE",https://en.wikipedia.org/wiki/U.S._Route_113,Q452775,u.s._route_113,u.s._route_113,
109,US 116,U.S. Route 116,"['Wyoming', 'South Dakota', 'Minnesota', 'Wisconsin', 'Illinois']",1926.0,1934.0,158.0,254.0,"Cody, WY","Ucross, WY",https://en.wikipedia.org/wiki/U.S._Route_116,Q407638,u.s._route_116,u.s._route_116,Replaced by US 14 and US 14A
110,US 117,U.S. Route 117,['North Carolina'],1932.0,,114.0,183.0,"Port of Wilmington at Wilmington, NC","I-95, US 264 west of Wilson, NC",https://en.wikipedia.org/wiki/U.S._Route_117,Q4296818,u.s._route_117,u.s._route_117,"Intrastate, North Carolina only"
111,US 117,U.S. Route 117 (1926),['North Carolina'],1926.0,1932.0,159.0,256.0,"Norlina, NC","Virginia Beach, VA",https://en.wikipedia.org/wiki/U.S._Route_117_(1926),Q4816770,u.s._route_117_(1926),u.s._route_117_(1926),Replaced by US 58 and US 158
112,US 118,U.S. Route 118,"['Iowa', 'Wisconsin']",1926.0,1937.0,35.0,56.0,"Dickeyville, WI","Dodgeville, WI",https://en.wikipedia.org/wiki/U.S._Route_118,Q839240,u.s._route_118,u.s._route_118,"Intrastate, Wisconsin only; replaced by US 151"
113,US 119,U.S. Route 119,"['Kentucky', 'West Virginia', 'Pennsylvania']",1926.0,,585.0,941.0,"US 25E in Pineville, KY","US 219 south of DuBois, PA",https://en.wikipedia.org/wiki/U.S._Route_119,Q4120301,u.s._route_119,u.s._route_119,
114,US 120,U.S. Route 120 in Pennsylvania,['Pennsylvania'],1926.0,1967.0,447.0,719.0,"Erie, PA","Philadelphia, PA",https://en.wikipedia.org/wiki/U.S._Route_120_in_Pennsylvania,Q1116444,u.s._route_120_in_pennsylvania,u.s._route_120_in_pennsylvania,"Intrastate, Pennsylvania only; redesignated PA 120"
115,US 121,U.S. Route 121,"['Virginia', 'West Virginia']",,,112.0,180.0,"US 23 in Pound, VA","I-64, I-77 in Beckley, WV",https://en.wikipedia.org/wiki/U.S._Route_121,Q4120311,u.s._route_121,u.s._route_121,"Proposed highway; short, completed portion in West Virginia currently signed WV 121"
116,US 121,U.S. Route 121 (1926),"['North Dakota', 'Minnesota', 'Iowa', 'Illinois', 'Indiana', 'Ohio', 'West Virginia', 'Kentucky', 'Virginia', 'North Carolina', 'South Carolina']",1926.0,1934.0,107.0,172.0,"Lexington, NC","Max Meadows, VA",https://en.wikipedia.org/wiki/U.S._Route_121_(1926),Q409832,u.s._route_121_(1926),u.s._route_121_(1926),Replaced by US 52
117,US 122,U.S. Route 122 (1926),"['Delaware', 'Pennsylvania', 'New Jersey', 'New York', 'Connecticut', 'Massachusetts', 'New Hampshire', 'Maine']",1926.0,1934.0,165.0,266.0,"Haverstraw, NY","Wilmington, DE",https://en.wikipedia.org/wiki/U.S._Route_122_(1926),Q2436504,u.s._route_122_(1926),u.s._route_122_(1926),Replaced by US 202
118,US 122,U.S. Route 122 (1935%E2%80%931963),['Pennsylvania'],1935.0,1963.0,128.0,206.0,"Oxford, PA","Northumberland, PA",https://en.wikipedia.org/wiki/U.S._Route_122_(1935%E2%80%931963),Q96411784,,u.s._route_122_(1935%e2%80%931963),"Intrastate, Pennsylvania only; redesignated PA 61"
119,US 123,U.S. Route 123,"['Georgia', 'South Carolina']",1937.0,,75.0,121.0,"US 23/US 441/SR 365 west of Toccoa, GA","I-385 in Greenville, SC",https://en.wikipedia.org/wiki/U.S._Route_123,Q4296836,u.s._route_123,u.s._route_123,
120,US 123,U.S. Route 123 (1930s),"['Kentucky', 'West Virginia', 'Pennsylvania']",1930.0,1934.0,96.0,154.0,"Jenkins, KY","Middlesboro, KY",https://en.wikipedia.org/wiki/U.S._Route_123_(1930s),Q4120301,u.s._route_123_(1930s),u.s._route_123_(1930s),"Intrastate, Kentucky only; replaced by US 119"
121,US 124,U.S. Route 124,['Illinois'],1926.0,1938.0,80.0,130.0,"Biggsville, IL","Peoria, IL",https://en.wikipedia.org/wiki/U.S._Route_124,Q1035085,u.s._route_124,u.s._route_124,Redesignated IL 116
122,US 126,U.S. Route 126,['Oregon'],1952.0,1972.0,131.0,211.0,"Eugene, OR","Prineville, OR",https://en.wikipedia.org/wiki/U.S._Route_126,Q2454946,u.s._route_126,u.s._route_126,Redesignated OR 126
123,US 127,U.S. Route 127,"['Tennessee', 'Kentucky', 'Ohio', 'Michigan']",1926.0,,758.0,1220.0,"US 11, US 64, US 72 in Chattanooga, TN","I-75 south of Grayling, MI",https://en.wikipedia.org/wiki/U.S._Route_127,Q2493039,u.s._route_127,u.s._route_127,Tennessee signs the southern end at US 27 north of Chattanooga
124,US 129,U.S. Route 129,"['Florida', 'Georgia', 'North Carolina', 'Tennessee']",1926.0,,582.0,937.0,"US 19, US 27 Alt., US 98 in Chiefland, FL","I-40 in Knoxville, TN",https://en.wikipedia.org/wiki/U.S._Route_129,Q4816685,u.s._route_129,u.s._route_129,
125,US 130,U.S. Route 130,['New Jersey'],1926.0,,83.0,134.0,"I-295, US 40 southwest of Penns Grove, NJ","US 1 southwest of New Brunswick, NJ",https://en.wikipedia.org/wiki/U.S._Route_130,Q811453,u.s._route_130,u.s._route_130,"Intrastate, New Jersey only"
126,US 131,U.S. Route 131,"['Indiana', 'Michigan']",1926.0,,271.0,436.0,"I-80, I-90 north of Middlebury, IN","US 31 in Petoskey, MI",https://en.wikipedia.org/wiki/U.S._Route_131,Q440540,u.s._route_131,u.s._route_131,
127,US 136,U.S. Route 136,"['Nebraska', 'Missouri', 'Iowa', 'Illinois', 'Indiana']",1951.0,,744.0,1197.0,"US 6, US 34 north of Edison, NE","I-465/I-74 west of Indianapolis, IN",https://en.wikipedia.org/wiki/U.S._Route_136,Q2395580,u.s._route_136,u.s._route_136,Formerly continued into Indianapolis to end at US 421
128,US 138,U.S. Route 138,"['Colorado', 'Nebraska']",1926.0,,72.0,116.0,"US 6 in Sterling, CO","US 30 north of Big Springs, NE",https://en.wikipedia.org/wiki/U.S._Route_138,Q2139447,u.s._route_138,u.s._route_138,
129,US 140,U.S. Route 140,"['Maryland', 'Pennsylvania']",1926.0,1980.0,54.0,87.0,"Gettysburg, PA","Baltimore, MD",https://en.wikipedia.org/wiki/U.S._Route_140,Q935188,u.s._route_140,u.s._route_140,"Replaced by MD 140, MD 97 and PA 97"
130,US 141,U.S. Route 141,"['Wisconsin', 'Michigan']",1926.0,,176.0,283.0,"I-43 southeast of Green Bay, WI","US 41 east of Covington, MI",https://en.wikipedia.org/wiki/U.S._Route_141,Q839227,u.s._route_141,u.s._route_141,
131,US 143,U.S. Route 143,"['Tennessee', 'Kentucky']",1935.0,1944.0,226.0,364.0,"Jackson, TN","Glasgow, KY",https://en.wikipedia.org/wiki/U.S._Route_143,Q409476,u.s._route_143,u.s._route_143,Replaced by US 31E; proposed by AASHTO but rejected by states
132,US 150,U.S. Route 150,"['Illinois', 'Indiana', 'Kentucky']",1926.0,,571.0,919.0,"US 6 south of Moline, IL","US 25 in Mount Vernon, KY",https://en.wikipedia.org/wiki/U.S._Route_150,Q751033,u.s._route_150,u.s._route_150,
133,US 151,U.S. Route 151,"['Iowa', 'Wisconsin']",1926.0,,337.0,542.0,"I-80 northeast of Williamsburg, IA","US 10 in Manitowoc, WI",https://en.wikipedia.org/wiki/U.S._Route_151,Q839240,u.s._route_151,u.s._route_151,
134,US 152,U.S. Route 152 in Indiana,['Indiana'],1934.0,1938.0,176.0,283.0,"Indianapolis, IN","Whiting, IN",https://en.wikipedia.org/wiki/U.S._Route_152_in_Indiana,Q788616,u.s._route_152_in_indiana,u.s._route_152_in_indiana,Replaced by US 231
135,US 154,U.S. Route 154,"['Colorado', 'Kansas', 'Missouri']",1926.0,1982.0,36.0,58.0,"Dodge City, KS","Mullinville, KS",https://en.wikipedia.org/wiki/U.S._Route_154,Q410951,u.s._route_154,u.s._route_154,Redesignated K-154 (now US 400)
136,US 156,U.S. Route 156,['Kansas'],1957.0,1982.0,101.0,163.0,"Garden City, KS","Ellsworth, KS",https://en.wikipedia.org/wiki/U.S._Route_156,Q964409,u.s._route_156,u.s._route_156,Redesignated K-156
137,US 158,U.S. Route 158,['North Carolina'],1932.0,,347.0,558.0,"US 64, US 601 in Mocksville, NC","US 64 south of Nags Head, NC",https://en.wikipedia.org/wiki/U.S._Route_158,Q4816770,u.s._route_158,u.s._route_158,"Intrastate, North Carolina only"
138,US 159,U.S. Route 159,"['Kansas', 'Nebraska', 'Missouri']",1935.0,,85.0,137.0,"US 59 in Nortonville, KS","US 59 southeast of Mound City, MO",https://en.wikipedia.org/wiki/U.S._Route_159,Q2395745,u.s._route_159,u.s._route_159,
139,US 160,U.S. Route 160,"['Arizona', 'New Mexico', 'Colorado', 'Kansas', 'Missouri']",1930.0,,1464.0,2356.0,"US 89 west of Tuba City, AZ","US 67/Route 158 near Harviell, MO",https://en.wikipedia.org/wiki/U.S._Route_160,Q646437,u.s._route_160,u.s._route_160,
140,US 161,U.S. Route 161,['Iowa'],1926.0,1934.0,185.0,298.0,"US 61 in Keokuk, IA","US 61 in Key West, IA",https://en.wikipedia.org/wiki/U.S._Route_161,Q1481806,u.s._route_161,u.s._route_161,"Intrastate, Iowa only; replaced by US 151 and US 218"
141,US 163,U.S. Route 163 (Iowa),['Iowa'],1934.0,1937.0,60.0,97.0,"US 69 in Des Moines, IA","US 63 in Oskaloosa, IA",https://en.wikipedia.org/wiki/U.S._Route_163_(Iowa),Q1478185,u.s._route_163_(iowa),u.s._route_163_(iowa),"Intrastate, Iowa only; redesignated Iowa 163"
142,US 163,U.S. Route 163,"['Arizona', 'Utah']",1971.0,,64.0,103.0,"US 160 in Kayenta, AZ","US 191 in Bluff, UT",https://en.wikipedia.org/wiki/U.S._Route_163,Q410937,u.s._route_163,u.s._route_163,
143,US 164,U.S. Route 164 (pre-1930),"['Arizona', 'New Mexico', 'Texas', 'Oklahoma', 'Missouri', 'Illinois', 'Kentucky', 'West Virginia', 'Virginia']",1928.0,1930.0,252.0,406.0,"Enid, OK","Amarillo, TX",https://en.wikipedia.org/wiki/U.S._Route_164_(pre-1930),Q409952,u.s._route_164_(pre-1930),u.s._route_164_(pre-1930),Replaced by US 60
144,US 164,U.S. Route 164 (1960s),"['Arizona', 'New Mexico', 'Colorado', 'Kansas', 'Missouri']",1966.0,1970.0,274.0,441.0,"Cortez, CO","Flagstaff, AZ",https://en.wikipedia.org/wiki/U.S._Route_164_(1960s),Q646437,u.s._route_164_(1960s),u.s._route_164_(1960s),Replaced by US 160
145,US 165,U.S. Route 165,"['Louisiana', 'Arkansas']",1926.0,,412.0,663.0,"US 90 in Iowa, LA","US 70 northeast of Little Rock, AR",https://en.wikipedia.org/wiki/U.S._Route_165,Q4079827,u.s._route_165,u.s._route_165,
146,US 166,U.S. Route 166,"['Kansas', 'Missouri']",1926.0,,166.0,267.0,"US 81 in South Haven, KS","I-44/US 400 southwest of Joplin, MO",https://en.wikipedia.org/wiki/U.S._Route_166,Q2485634,u.s._route_166,u.s._route_166,
147,US 167,U.S. Route 167,"['Louisiana', 'Arkansas']",1926.0,,499.0,803.0,"Port Street in Abbeville, LA","US 62, US 412 in Ash Flat, AR",https://en.wikipedia.org/wiki/U.S._Route_167,Q4079839,u.s._route_167,u.s._route_167,
148,US 168,U.S. Route 168,"['Illinois', 'Indiana', 'Kentucky']",1926.0,1934.0,137.0,220.0,"Louisville, KY","Mount Vernon, KY",https://en.wikipedia.org/wiki/U.S._Route_168,Q751033,u.s._route_168,u.s._route_168,Replaced by US 150
149,US 169,U.S. Route 169,"['Oklahoma', 'Kansas', 'Missouri', 'Iowa', 'Minnesota']",1930.0,,975.0,1569.0,"US 64 in Tulsa, OK","US 53 in Virginia, MN",https://en.wikipedia.org/wiki/U.S._Route_169,Q1480815,u.s._route_169,u.s._route_169,
150,US 170,U.S. Route 170,"['Florida', 'Alabama', 'Georgia', 'South Carolina', 'North Carolina', 'Virginia', 'District of Columbia', 'Maryland']",1926.0,1931.0,215.0,346.0,"Charlotte, NC","Lynchburg, VA",https://en.wikipedia.org/wiki/U.S._Route_170,Q408957,u.s._route_170,u.s._route_170,Replaced by US 29
151,US 171,U.S. Route 171,['Louisiana'],1926.0,,179.0,288.0,"US 90 in Lake Charles, LA","US 79, US 80 in Shreveport, LA",https://en.wikipedia.org/wiki/U.S._Route_171,Q4816830,u.s._route_171,u.s._route_171,"Intrastate, Louisiana only"
152,US 175,U.S. Route 175,['Texas'],1931.0,,114.0,183.0,"US 69 in Jacksonville, TX","SH 310 in Dallas, TX",https://en.wikipedia.org/wiki/U.S._Route_175,Q4816843,u.s._route_175,u.s._route_175,"Intrastate, Texas only; Texas signs the western (northern) end at I-45 north of AASHTO's end"
153,US 176,U.S. Route 176,"['North Carolina', 'South Carolina']",1926.0,,229.0,369.0,"US 25 Bus. in Hendersonville, NC","US 52 in Goose Creek, SC",https://en.wikipedia.org/wiki/U.S._Route_176,Q4296876,u.s._route_176,u.s._route_176,
154,US 177,U.S. Route 177,"['Oklahoma', 'Kansas']",1927.0,,233.0,375.0,"US 70 in Madill, OK","US 81 in South Haven, KS",https://en.wikipedia.org/wiki/U.S._Route_177,Q2174907,u.s._route_177,u.s._route_177,
155,US 178,U.S. Route 178,"['North Carolina', 'South Carolina']",1932.0,,237.0,381.0,"US 78 northwest of Summerville, SC","US 64 in Rosman, NC",https://en.wikipedia.org/wiki/U.S._Route_178,Q4296887,u.s._route_178,u.s._route_178,
156,US 180,U.S. Route 180,"['Arizona', 'New Mexico', 'Texas']",1943.0,,1127.0,1814.0,"SR 64 in Valle, AZ","I-20 in Hudson Oaks, TX",https://en.wikipedia.org/wiki/U.S._Route_180,Q678208,u.s._route_180,u.s._route_180,
157,US 180,U.S. Route 180 (1926),"['Arizona', 'New Mexico', 'Texas', 'Oklahoma', 'Arkansas', 'Tennessee', 'North Carolina']",1926.0,1935.0,336.0,541.0,"Caballo, NM","Near Queen Valley, AZ",https://en.wikipedia.org/wiki/U.S._Route_180_(1926),Q410063,u.s._route_180_(1926),u.s._route_180_(1926),Replaced by US 70
158,US 181,U.S. Route 181,['Texas'],1926.0,,136.76,220.09,"I-37 in Corpus Christi, TX","I-37 near San Antonio, TX",https://en.wikipedia.org/wiki/U.S._Route_181,Q4816885,u.s._route_181,u.s._route_181,"Intrastate, Texas only; AASHTO says the northern terminus is at the northern end of I-37"
159,US 183,U.S. Route 183,"['Texas', 'Oklahoma', 'Kansas', 'Nebraska', 'South Dakota']",1930.0,,1035.0,1666.0,"US 77 in Refugio, TX","I-90 west of Presho, SD",https://en.wikipedia.org/wiki/U.S._Route_183,Q2174970,u.s._route_183,u.s._route_183,
160,US 185,U.S. Route 185,"['Texas', 'New Mexico', 'Colorado', 'Wyoming', 'Montana']",1926.0,1934.0,124.0,200.0,"Casper, WY","Cheyenne, WY",https://en.wikipedia.org/wiki/U.S._Route_185,Q410730,u.s._route_185,u.s._route_185,Replaced by US 87
161,US 187,U.S. Route 187,"['Arizona', 'Utah', 'Wyoming', 'Montana']",1926.0,1982.0,207.0,333.0,"Rock Springs, WY","US 26, US 89, US 191, US 287 northeast of Jackson, WY",https://en.wikipedia.org/wiki/U.S._Route_187,Q472552,u.s._route_187,u.s._route_187,"Wyoming does not sign US 187, but it appears in the 1989 log, completely concurrent with US 191 except for a short piece in Rock Springs"
162,US 189,U.S. Route 189,"['Utah', 'Wyoming']",1938.0,,322.0,518.0,"I-15 in Provo, UT","US 26, US 89, US 187, US 191 in Jackson, WY",https://en.wikipedia.org/wiki/U.S._Route_189,Q2507252,u.s._route_189,u.s._route_189,Utah did not sign US 189 north of US 40 at Heber City until 2017; unsigned along I-80 concurrency
163,US 189,U.S. Route 189 (1920s),['Utah'],1928.0,1938.0,30.0,48.0,"Nephi, UT","Pigeon Hollow Junction, UT",https://en.wikipedia.org/wiki/U.S._Route_189_(1920s),Q2506385,,u.s._route_189_(1920s),Redesignated SR 132
164,US 190,U.S. Route 190,"['Texas', 'Louisiana']",1926.0,,875.0,1408.0,"I-10 west of Iraan, TX","US 90 southeast of Slidell, LA",https://en.wikipedia.org/wiki/U.S._Route_190,Q4816910,u.s._route_190,u.s._route_190,
165,US 191,U.S. Route 191,"['Arizona', 'Utah', 'Wyoming', 'Montana']",1926.0,,1657.0,2667.0,"Mexican border at Douglas, AZYellowstone National Park, MT near West Yellowstone, MT","Yellowstone National Park, WYCanadian border near Loring, MT",https://en.wikipedia.org/wiki/U.S._Route_191,Q472552,u.s._route_191,u.s._route_191,Segments connected by road through Yellowstone National Park
166,US 192,U.S. Route 192,['Florida'],1926.0,,75.0,121.0,"US 27 near Four Corners, FL","SR A1A in Indialantic, FL",https://en.wikipedia.org/wiki/U.S._Route_192,Q2433436,u.s._route_192,u.s._route_192,"Intrastate, Florida only"
167,US 195,U.S. Route 195,"['Idaho', 'Washington']",1926.0,,95.0,153.0,"US 95 north of Lewiston, ID","I-90, US 2, US 395 in Spokane, WA",https://en.wikipedia.org/wiki/U.S._Route_195,Q833122,u.s._route_195,u.s._route_195,
168,US 197,U.S. Route 197,"['Oregon', 'Washington']",1952.0,,64.0,103.0,"US 97 southwest of Shaniko, OR","SR 14 north of Dallesport, WA",https://en.wikipedia.org/wiki/U.S._Route_197,Q833142,u.s._route_197,u.s._route_197,
169,US 199,U.S. Route 199,"['California', 'Oregon']",1926.0,,80.0,130.0,"US 101 in Crescent City, CA","I-5 in Grants Pass, OR",https://en.wikipedia.org/wiki/U.S._Route_199,Q400522,u.s._route_199,u.s._route_199,
170,US 201,U.S. Route 201,['Maine'],1926.0,,157.0,253.0,"US 1 in Brunswick, ME","Canadian border near Saint-Theophile, QC",https://en.wikipedia.org/wiki/U.S._Route_201,Q2436491,u.s._route_201,u.s._route_201,"Intrastate, Maine only"
171,US 202,U.S. Route 202,"['Delaware', 'Pennsylvania', 'New Jersey', 'New York', 'Connecticut', 'Massachusetts', 'New Hampshire', 'Maine']",1934.0,,627.0,1009.0,"US 13, US 40 northwest of New Castle, DE","US 1 Alt., I-395 in Bangor, ME",https://en.wikipedia.org/wiki/U.S._Route_202,Q2436504,u.s._route_202,u.s._route_202,Maine signs the northern end at US 2 in Bangor
172,US 206,U.S. Route 206,"['New Jersey', 'Pennsylvania']",1934.0,,131.0,211.0,"US 30 in Hammonton, NJ","US 6, US 209 in Milford, PA",https://en.wikipedia.org/wiki/U.S._Route_206,Q811472,u.s._route_206,u.s._route_206,
173,US 209,U.S. Route 209,"['Pennsylvania', 'New York']",1926.0,,217.0,349.0,"PA 147 in Millersburg, PA","US 9W in Kingston, NY",https://en.wikipedia.org/wiki/U.S._Route_209,Q935294,u.s._route_209,u.s._route_209,
174,US 210,U.S. Route 210,['Minnesota'],1926.0,1972.0,127.0,204.0,"Motley, MN","Carlton, MN",https://en.wikipedia.org/wiki/U.S._Route_210,Q2484724,u.s._route_210,u.s._route_210,"Intrastate, Minnesota only; redesignated MN 210"
175,US 211,U.S. Route 211,['Virginia'],1926.0,,61.0,98.0,"I-81 in New Market, VA","US 15 Bus., US 29 Bus. in Warrenton, VA",https://en.wikipedia.org/wiki/U.S._Route_211,Q4816610,u.s._route_211,u.s._route_211,"Intrastate, Virginia only"
176,US 212,U.S. Route 212,"['Montana', 'Wyoming', 'South Dakota', 'Minnesota']",1926.0,,952.0,1532.0,"Grand Loop Road in Tower Junction, WY","MN 62 in Eden Prairie, MN",https://en.wikipedia.org/wiki/U.S._Route_212,Q517346,u.s._route_212,u.s._route_212,
177,US 213,U.S. Route 213,['Maryland'],1926.0,1973.0,156.0,251.0,"Elkton, MD","Ocean City, MD",https://en.wikipedia.org/wiki/U.S._Route_213,Q2480208,u.s._route_213,u.s._route_213,Redesignated MD 213
178,US 216,U.S. Route 216,"['Wyoming', 'South Dakota']",1930.0,1934.0,130.0,210.0,"Rapid City, SD","Moorcroft, WY",https://en.wikipedia.org/wiki/U.S._Route_216,Q407823,u.s._route_216,u.s._route_216,Replaced by US 16; old US 16 replaced by US 14
179,US 217,U.S. Route 217,"['Florida', 'Georgia', 'South Carolina', 'North Carolina', 'Virginia', 'Maryland', 'Delaware']",1926.0,1932.0,165.0,266.0,"Wilson, NC","Pee Dee, SC",https://en.wikipedia.org/wiki/U.S._Route_217,Q2427857,u.s._route_217,u.s._route_217,Replaced by US 301
180,US 218,U.S. Route 218,"['Iowa', 'Minnesota']",1926.0,,319.0,513.0,"US 136 in Keokuk, IA","I-35, US 14 in Owatonna, MN",https://en.wikipedia.org/wiki/U.S._Route_218,Q819496,u.s._route_218,u.s._route_218,
181,US 219,U.S. Route 219,"['Virginia', 'West Virginia', 'Maryland', 'Pennsylvania', 'New York']",1926.0,,535.0,861.0,"US 460 in Rich Creek, VA","I-90 southeast of Buffalo, NY",https://en.wikipedia.org/wiki/U.S._Route_219,Q4120316,u.s._route_219,u.s._route_219,
182,US 220,U.S. Route 220,"['North Carolina', 'Virginia', 'West Virginia', 'Maryland', 'Pennsylvania']",1926.0,,681.0,1096.0,"US 1 in Rockingham, NC","I-86/NY 17 in South Waverly, PA",https://en.wikipedia.org/wiki/U.S._Route_220,Q935367,u.s._route_220,u.s._route_220,
183,US 221,U.S. Route 221,"['Florida', 'Georgia', 'South Carolina', 'North Carolina', 'Virginia']",1930.0,,734.0,1181.0,"US 19, US 27 Alt., US 98 in Perry, FL","US 29 Bus., US 460 Bus., US 501 Bus. in Lynchburg, VA",https://en.wikipedia.org/wiki/U.S._Route_221,Q4816645,u.s._route_221,u.s._route_221,
184,US 222,U.S. Route 222,"['Maryland', 'Pennsylvania']",1926.0,,109.0,175.0,"US 1 in Conowingo, MD","I-78 southwest of Allentown, PA",https://en.wikipedia.org/wiki/U.S._Route_222,Q935431,u.s._route_222,u.s._route_222,
185,US 223,U.S. Route 223,"['Ohio', 'Michigan']",1930.0,,59.0,95.0,"US 23, SR 51/SR 184 in Sylvania, OH","US 127 west of Somerset, MI",https://en.wikipedia.org/wiki/U.S._Route_223,Q2350878,u.s._route_223,u.s._route_223,Ohio does not sign the designation
186,US 224,U.S. Route 224,"['Indiana', 'Ohio', 'Pennsylvania']",1933.0,,287.0,462.0,"US 24 in Huntington, IN","US 422 Business/PA 18 in New Castle, PA",https://en.wikipedia.org/wiki/U.S._Route_224,Q788369,u.s._route_224,u.s._route_224,
187,US 227,U.S. Route 227,['Kentucky'],1928.0,1972.0,120.0,190.0,"Carrollton, KY","Richmond, KY",https://en.wikipedia.org/wiki/U.S._Route_227,Q4816961,u.s._route_227,u.s._route_227,
188,US 230,U.S. Route 230 in Pennsylvania,['Pennsylvania'],1926.0,1966.0,40.0,64.0,"Harrisburg, PA","Lancaster, PA",https://en.wikipedia.org/wiki/U.S._Route_230_in_Pennsylvania,Q1173045,u.s._route_230_in_pennsylvania,u.s._route_230_in_pennsylvania,Redesignated PA 230
189,US 231,U.S. Route 231,"['Florida', 'Alabama', 'Tennessee', 'Kentucky', 'Indiana']",1926.0,,912.0,1468.0,"US 98 Bus. in Panama City, FL","US 41 west of Crown Point, IN",https://en.wikipedia.org/wiki/U.S._Route_231,Q2432498,u.s._route_231,u.s._route_231,
190,US 240,U.S. Route 240,"['District of Columbia', 'Maryland']",1926.0,1971.0,118.0,190.0,"Lemoyne, PA","Arlington, VA",https://en.wikipedia.org/wiki/U.S._Route_240,Q718161,u.s._route_240,u.s._route_240,
191,US 241,U.S. Route 241 (1926),"['Florida', 'Georgia', 'Tennessee', 'Kentucky', 'Indiana', 'Illinois', 'Wisconsin', 'Michigan']",1926.0,1930.0,81.0,130.0,"Hopkinsville, KY","Nashville, TN",https://en.wikipedia.org/wiki/U.S._Route_241_(1926),Q12441,u.s._route_241_(1926),u.s._route_241_(1926),Replaced by US 41
192,US 241,U.S. Route 241 (1930s),"['Alabama', 'Tennessee', 'Kentucky']",1930.0,1954.0,378.0,608.0,"Murfreesboro, TN","Dothan, AL",https://en.wikipedia.org/wiki/U.S._Route_241_(1930s),Q4816707,u.s._route_241_(1930s),u.s._route_241_(1930s),Replaced by US 431
193,US 250,U.S. Route 250,"['Ohio', 'West Virginia', 'Virginia']",1926.0,,391.0,629.0,"Fredericksburg, VA","Lee Hill, VA",https://en.wikipedia.org/wiki/U.S._Route_250,Q1129888,u.s._route_250,u.s._route_250,Replaced by US 50S; not in revised numbering plan
194,US 250,U.S. Route 250,"['Ohio', 'West Virginia', 'Virginia']",1926.0,,514.0,827.0,"US 6 in Sandusky, OH","I-95/US 33/US 60/US 360 in Richmond, VA",https://en.wikipedia.org/wiki/U.S._Route_250,Q1129888,u.s._route_250,u.s._route_250,
195,US 258,U.S. Route 258,"['North Carolina', 'Virginia']",1932.0,,217.0,349.0,"US 17 in Jacksonville, NC","Mellen Street, Ingalls Road, and McNair Drive in Hampton, VA",https://en.wikipedia.org/wiki/U.S._Route_258,Q4816777,u.s._route_258,u.s._route_258,
196,US 259,U.S. Route 259,"['Texas', 'Oklahoma']",1963.0,,250.0,400.0,"US 59 in Nacogdoches, TX","US 59, US 270 near Page, OK",https://en.wikipedia.org/wiki/U.S._Route_259,Q2174983,u.s._route_259,u.s._route_259,
197,US 260,U.S. Route 260,"['Arizona', 'New Mexico', 'Texas']",1931.0,1962.0,298.0,480.0,"Deming, NM","Holbrook, AZ",https://en.wikipedia.org/wiki/U.S._Route_260,Q678208,u.s._route_260,u.s._route_260,Replaced by US 180
198,US 264,U.S. Route 264,['North Carolina'],1932.0,,219.0,352.0,"I-440, US 64 in Raleigh, NC","US 64 southwest of Nags Head, NC",https://en.wikipedia.org/wiki/U.S._Route_264,Q4817888,u.s._route_264,u.s._route_264,"Intrastate, North Carolina only"
199,US 266,U.S. Route 266,['Oklahoma'],1926.0,,43.0,69.0,"US 62, US 75 in Henryetta, OK","US 64 in Warner, OK",https://en.wikipedia.org/wiki/U.S._Route_266,Q2174997,u.s._route_266,u.s._route_266,"Intrastate, Oklahoma only"
200,US 270,U.S. Route 270,"['Kansas', 'Oklahoma', 'Arkansas']",1930.0,,643.0,1035.0,"US 54, US 83 in Liberal, KS","I-530, US 65 northwest of Pine Bluff, AR",https://en.wikipedia.org/wiki/U.S._Route_270,Q2175016,u.s._route_270,u.s._route_270,
201,US 270,U.S. Route 270 (1926),['Tennessee'],1926.0,1929.0,65.0,105.0,"Sparta, TN","Murfreesboro, TN",https://en.wikipedia.org/wiki/U.S._Route_270_(1926),Q4818148,u.s._route_270_(1926),u.s._route_270_(1926),Replaced by US 70S
202,US 271,U.S. Route 271,"['Texas', 'Oklahoma', 'Arkansas']",1926.0,,299.0,481.0,"SH 31/SH 155 in Tyler, TX","US 71 Bus. in Fort Smith, AR",https://en.wikipedia.org/wiki/U.S._Route_271,Q2175033,u.s._route_271,u.s._route_271,
203,US 275,U.S. Route 275,"['Missouri', 'Iowa', 'Nebraska']",1931.0,,266.0,428.0,"US 136 west of Rock Port, MO","US 20, US 281 in O'Neill, NE",https://en.wikipedia.org/wiki/U.S._Route_275,Q2395934,u.s._route_275,u.s._route_275,
204,US 276,U.S. Route 276,"['South Carolina', 'North Carolina']",1932.0,,108.0,174.0,"I-40 north of Waynesville, NC","I-385 in Mauldin, SC",https://en.wikipedia.org/wiki/U.S._Route_276,Q4296907,u.s._route_276,u.s._route_276,
205,US 277,U.S. Route 277,"['Texas', 'Oklahoma']",1928.0,,633.0,1019.0,"US 83 in Carrizo Springs, TX","I-44, US 62 in Newcastle, OK",https://en.wikipedia.org/wiki/U.S._Route_277,Q2175043,u.s._route_277,u.s._route_277,
206,US 278,U.S. Route 278,"['Arkansas', 'Mississippi', 'Alabama', 'Georgia', 'South Carolina']",1952.0,,1077.0,1733.0,"US 59, US 71 in Wickes, AR","Bus. US 278 in Hilton Head Island, SC",https://en.wikipedia.org/wiki/U.S._Route_278,Q2248584,u.s._route_278,u.s._route_278,
207,US 280,U.S. Route 280,"['Alabama', 'Georgia']",1954.0,,392.0,631.0,"I-20, I-59, US 31 in Birmingham, AL","US 80 northwest of Savannah, GA",https://en.wikipedia.org/wiki/U.S._Route_280,Q155520,u.s._route_280,u.s._route_280,
208,US 281,U.S. Route 281,"['Texas', 'Oklahoma', 'Kansas', 'Nebraska', 'South Dakota', 'North Dakota']",1931.0,,1872.0,3013.0,"Bus. US 77, SH 48 in Brownsville, TX","Canadian border north of Dunseith, ND",https://en.wikipedia.org/wiki/U.S._Route_281,Q2175059,u.s._route_281,u.s._route_281,
209,US 283,U.S. Route 283,"['Texas', 'Oklahoma', 'Kansas', 'Nebraska']",1931.0,,730.0,1170.0,"US 87 northwest of Brady, TX","US 30 in Lexington, NE",https://en.wikipedia.org/wiki/U.S._Route_283,Q2175071,u.s._route_283,u.s._route_283,
210,US 285,U.S. Route 285,"['Texas', 'New Mexico', 'Colorado']",1934.0,,835.0,1344.0,"US 90 in Sanderson, TX","I-25, US 87 in Denver, CO",https://en.wikipedia.org/wiki/U.S._Route_285,Q981591,u.s._route_285,u.s._route_285,
211,US 285,U.S. Route 285 (1926),"['Texas', 'Oklahoma', 'Colorado', 'Wyoming', 'Montana']",1926.0,1934.0,133.0,214.0,"Laramie, WY","Denver, CO",https://en.wikipedia.org/wiki/U.S._Route_285_(1926),Q2139467,u.s._route_285_(1926),u.s._route_285_(1926),Replaced by US 287
212,US 287,U.S. Route 287,"['Texas', 'Oklahoma', 'Colorado', 'Wyoming', 'Montana']",1934.0,,1791.0,2882.0,"US 69/US 96/TX 87 in Port Arthur, TXYellowstone National Park, MT","Yellowstone National Park, WYUS 89 in Choteau, MT",https://en.wikipedia.org/wiki/U.S._Route_287,Q2139467,,u.s._route_287,Segments connected by road through Yellowstone National Park
213,US 290,U.S. Route 290,['Texas'],1926.0,,276.0,444.0,"I-10 near Harper, TX","I-610 northwest of Houston, TX",https://en.wikipedia.org/wiki/U.S._Route_290,Q2505541,u.s._route_290,u.s._route_290,"Intrastate, Texas only"
214,US 295,U.S. Route 295,['Washington'],1926.0,1968.0,45.0,72.0,"US 12 west of Pomeroy, WA","US 195 in Colfax, WA",https://en.wikipedia.org/wiki/U.S._Route_295,Q835177,u.s._route_295,u.s._route_295,Redesignated SR 127
215,US 299,U.S. Route 299,['California'],1934.0,1964.0,295.0,475.0,"Alturas, CA","Arcata, CA",https://en.wikipedia.org/wiki/U.S._Route_299,Q758190,u.s._route_299,u.s._route_299,Redesignated SR 299
216,US 301,U.S. Route 301,"['Florida', 'Georgia', 'South Carolina', 'North Carolina', 'Virginia', 'Maryland', 'Delaware']",1926.0,,120.0,190.0,"US 1 in Lee Hall, VA","Fredericksburg, VA",https://en.wikipedia.org/wiki/U.S._Route_301,Q2427857,u.s._route_301,u.s._route_301,Replaced by US 17; not in revised numbering plan
217,US 301,U.S. Route 301,"['Florida', 'Georgia', 'South Carolina', 'North Carolina', 'Virginia', 'Maryland', 'Delaware']",1932.0,,1111.0,1788.0,"US 41 in Sarasota, FL","DE 1 in Biddles Corner, DE",https://en.wikipedia.org/wiki/U.S._Route_301,Q2427857,u.s._route_301,u.s._route_301,
218,US 302,U.S. Route 302,"['Vermont', 'New Hampshire', 'Maine']",1935.0,,171.0,275.0,"US 2 in Montpelier, VT","I-295, US 1 in Portland, ME",https://en.wikipedia.org/wiki/U.S._Route_302,Q1411062,u.s._route_302,u.s._route_302,Maine signs the eastern end along US 1 several blocks south of I-295
219,US 309,U.S. Route 309 in Pennsylvania,['Pennsylvania'],1926.0,1967.0,214.0,344.0,"Philadelphia, PA","South Waverly, PA",https://en.wikipedia.org/wiki/U.S._Route_309_in_Pennsylvania,Q1243887,u.s._route_309_in_pennsylvania,u.s._route_309_in_pennsylvania,Redesignated PA 309
220,US 310,U.S. Route 310,"['Wyoming', 'Montana']",1926.0,,108.0,174.0,"US 14, US 16, US 20 in Greybull, WY","I-90, US 212 in Laurel, MT",https://en.wikipedia.org/wiki/U.S._Route_310,Q2235781,u.s._route_310,u.s._route_310,Wyoming signs the eastern (southern) end where AASHTO has it join US 14/US 16/US 20 west of Greybull
221,US 311,U.S. Route 311,"['North Carolina', 'Virginia']",1926.0,,62.4,100.4,"US 52 in Winston-Salem, NC","US 58 Bus. near Danville, VA",https://en.wikipedia.org/wiki/U.S._Route_311,Q4816618,u.s._route_311,u.s._route_311,
222,US 312,U.S. Route 312,['Montana'],1960.0,1981.0,234.0,377.0,"Broadus, MT",Yellowstone National Park,https://en.wikipedia.org/wiki/U.S._Route_312,Q2235337,u.s._route_312,u.s._route_312,Redesignated MT 59
223,US 319,U.S. Route 319,"['Florida', 'Georgia']",1933.0,,318.0,512.0,"US 98 near Lanark Village, FL","US 1 in Wadley, GA",https://en.wikipedia.org/wiki/U.S._Route_319,Q4816637,u.s._route_319,u.s._route_319,
224,US 320,U.S. Route 320,"['Oregon', 'Idaho', 'Wyoming', 'Nebraska']",1926.0,1939.0,26.0,42.0,"Shoshoni, WY","Riverton, WY",https://en.wikipedia.org/wiki/U.S._Route_320,Q408902,u.s._route_320,u.s._route_320,Replaced by US 26
225,US 321,U.S. Route 321,"['South Carolina', 'North Carolina', 'Tennessee']",1930.0,,526.0,847.0,"US 17 in Hardeeville, SC","I-40 northwest of Lenoir City, TN",https://en.wikipedia.org/wiki/U.S._Route_321,Q4296949,u.s._route_321,u.s._route_321,
226,US 322,U.S. Route 322,"['Ohio', 'Pennsylvania', 'New Jersey']",1926.0,,494.0,795.0,"US 6, US 20, US 42, US 422 in Cleveland, OH","US 40 in Atlantic City, NJ",https://en.wikipedia.org/wiki/U.S._Route_322,Q1129908,u.s._route_322,u.s._route_322,
227,US 330,U.S. Route 330,['Illinois'],1926.0,1942.0,161.0,259.0,"Lynwood, IL","Galt, IL",https://en.wikipedia.org/wiki/U.S._Route_330,Q1068245,u.s._route_330,u.s._route_330,Redesignated IL 38
228,US 331,U.S. Route 331,"['Florida', 'Alabama']",1953.0,,151.0,243.0,"US 98 east of Santa Rosa Beach, FL","US 80, US 82 in Montgomery, AL",https://en.wikipedia.org/wiki/U.S._Route_331,Q2432619,u.s._route_331,u.s._route_331,
229,US 331,U.S. Route 331 (1926),"['Florida', 'Alabama', 'Georgia', 'South Carolina', 'North Carolina', 'Virginia', 'District of Columbia', 'Maryland']",1926.0,1936.0,45.0,72.0,"Flomaton, AL","Pensacola, FL",https://en.wikipedia.org/wiki/U.S._Route_331_(1926),Q408957,u.s._route_331_(1926),u.s._route_331_(1926),Replaced by US 29
230,US 340,U.S. Route 340,"['Virginia', 'West Virginia', 'Maryland']",1926.0,,156.0,251.0,"US 11 northeast of Greenville, VA","US 15, US 40 in Frederick, MD",https://en.wikipedia.org/wiki/U.S._Route_340,Q2852458,u.s._route_340,u.s._route_340,
231,US 341,U.S. Route 341,['Georgia'],1926.0,,226.0,364.0,"US 17 in Brunswick, GA","US 41 in Barnesville, GA",https://en.wikipedia.org/wiki/U.S._Route_341,Q4816730,u.s._route_341,u.s._route_341,"Intrastate, Georgia only"
232,US 350,U.S. Route 350,['Colorado'],1926.0,,80.0,130.0,"I-25, US 85, US 87, US 160 in Trinidad, CO","US 50 in La Junta, CO",https://en.wikipedia.org/wiki/U.S._Route_350,Q2139489,u.s._route_350,u.s._route_350,"Intrastate, Colorado only; Colorado signs the western end at US 160 northeast of Trinidad"
233,US 360,U.S. Route 360,['Virginia'],1933.0,,223.0,359.0,"US 58 Bus. in Danville, VA","Main Street/Reed Ave. in Reedville, VA",https://en.wikipedia.org/wiki/U.S._Route_360,Q4816793,u.s._route_360,u.s._route_360,"Intrastate, Virginia only"
234,US 366,U.S. Route 366 (1926),"['Texas', 'New Mexico']",1926.0,1931.0,437.0,703.0,"Amarillo, TX","El Paso, TX",https://en.wikipedia.org/wiki/U.S._Route_366_(1926),Q981600,,u.s._route_366_(1926),"Replaced by US 54, US 70, US 60, and US 84"
235,US 366,U.S. Route 366 (1930s),['New Mexico'],1931.0,1939.0,73.0,117.0,"Willard, NM","Albuquerque, NM",https://en.wikipedia.org/wiki/U.S._Route_366_(1930s),Q25346004,,u.s._route_366_(1930s),"Replaced by US 66 (now I-40), NM 41 and NM 333"
236,US 370,U.S. Route 370,['Texas'],1926.0,1939.0,289.0,465.0,"Bowie, TX","Amarillo, TX",https://en.wikipedia.org/wiki/U.S._Route_370,Q4818259,u.s._route_370,u.s._route_370,Replaced by US 287
237,US 371,U.S. Route 371,"['Louisiana', 'Arkansas']",1994.0,,246.0,396.0,"I-49 southwest of Coushatta, LA","US 59, US 70, US 71 in De Queen, AR",https://en.wikipedia.org/wiki/U.S._Route_371,Q4079858,u.s._route_371,u.s._route_371,
238,US 371,U.S. Route 371 (1930s),['Minnesota'],1931.0,1971.0,131.0,211.0,"Little Falls, MN","Bemidji, MN",https://en.wikipedia.org/wiki/U.S._Route_371_(1930s),Q2484846,u.s._route_371_(1930s),u.s._route_371_(1930s),"Intrastate, Minnesota only; redesignated MN 371"
239,US 377,U.S. Route 377,"['Texas', 'Oklahoma']",1930.0,,478.0,769.0,"US 90, US 277 in Del Rio, TX","US 70 in Madill, OK",https://en.wikipedia.org/wiki/U.S._Route_377,Q4816863,u.s._route_377,u.s._route_377,Oklahoma signs the northern end at I-44 at Stroud
240,US 378,U.S. Route 378,"['Georgia', 'South Carolina']",1952.0,,234.0,377.0,"US 78 in Washington, GA","US 701 in Conway, SC",https://en.wikipedia.org/wiki/U.S._Route_378,Q4297293,u.s._route_378,u.s._route_378,
241,US 380,U.S. Route 380,"['New Mexico', 'Texas']",1932.0,,673.0,1083.0,"I-25, US 85 in San Antonio, NM","I-30, US 67, US 69 in Greenville, TX",https://en.wikipedia.org/wiki/U.S._Route_380,Q981610,u.s._route_380,u.s._route_380,
242,US 383,U.S. Route 383,"['Kansas', 'Nebraska']",1941.0,1982.0,175.0,282.0,"Oakley, KS","Elm Creek, NE",https://en.wikipedia.org/wiki/U.S._Route_383,Q2396151,u.s._route_383,u.s._route_383,Partially redesignated as K-383
243,US 385,U.S. Route 385,"['Texas', 'Oklahoma', 'Colorado', 'Nebraska', 'South Dakota']",1958.0,,1206.0,1941.0,"Big Bend National Park, TX","US 85/US 14 Alt. in Deadwood, SD",https://en.wikipedia.org/wiki/U.S._Route_385,Q2139503,u.s._route_385,u.s._route_385,
244,US 385,U.S. Route 385 (1926),"['Texas', 'New Mexico', 'Colorado', 'Wyoming', 'Montana']",1926.0,1935.0,773.0,1244.0,"Raton, NM","Boerne, TX",https://en.wikipedia.org/wiki/U.S._Route_385_(1926),Q410730,u.s._route_385_(1926),u.s._route_385_(1926),Replaced by US 87
245,US 395,U.S. Route 395,"['California', 'Nevada', 'Oregon', 'Washington']",1926.0,,1305.0,2100.0,"I-15 in Hesperia, CA","Canadian border north of Laurier, WA",https://en.wikipedia.org/wiki/U.S._Route_395,Q1447963,u.s._route_395,u.s._route_395,
246,US 399,U.S. Route 399,['California'],1934.0,1964.0,137.0,220.0,"Bakersfield, CA","Ventura, CA",https://en.wikipedia.org/wiki/U.S._Route_399,Q798297,u.s._route_399,u.s._route_399,"Intrastate, California only, replaced by SR 33, SR 99, and SR 119"
247,US 400,U.S. Route 400,"['Colorado', 'Kansas', 'Missouri']",1994.0,,477.0,768.0,"US 50/US 385 in Granada, CO","I-44/US 166 southwest of Joplin, MO",https://en.wikipedia.org/wiki/U.S._Route_400,Q410951,u.s._route_400,u.s._route_400,
248,US 401,U.S. Route 401,"['South Carolina', 'North Carolina']",1957.0,,257.0,414.0,"US 76, US 521 in Sumter, SC","I-85, US 1 north of Wise, NC",https://en.wikipedia.org/wiki/U.S._Route_401,Q4297315,u.s._route_401,u.s._route_401,
249,US 401,U.S. Route 401 (1926),"['Tennessee', 'Virginia']",1926.0,1931.0,53.0,85.0,"South Boston, VA","South Hill, VA",https://en.wikipedia.org/wiki/U.S._Route_401_(1926),Q409923,u.s._route_401_(1926),u.s._route_401_(1926),Replaced by US 58
250,US 401,U.S. Route 401 (1930s),"['South Carolina', 'North Carolina']",1932.0,1934.0,272.0,438.0,"Walterboro, SC","Raleigh, NC",https://en.wikipedia.org/wiki/U.S._Route_401_(1930s),Q4297315,u.s._route_401_(1930s),u.s._route_401_(1930s),Replaced by US 15
251,US 410,U.S. Route 410,"['Washington', 'Idaho']",1926.0,1967.0,469.0,755.0,"US 101 in Aberdeen, WA","US 95 in Lewiston, ID",https://en.wikipedia.org/wiki/U.S._Route_410,Q833215,u.s._route_410,u.s._route_410,Largely replaced by US 12; a long section is SR 410
252,US 411,U.S. Route 411,"['Alabama', 'Georgia', 'Tennessee']",1934.0,,314.0,505.0,"US 78 in Leeds, AL","US 25W, US 70 in Newport, TN",https://en.wikipedia.org/wiki/U.S._Route_411,Q4816624,u.s._route_411,u.s._route_411,
253,US 411,U.S. Route 411 (1926),"['Tennessee', 'Virginia']",1926.0,1932.0,110.0,180.0,"Bristol, VA","Cumberland Gap, TN",https://en.wikipedia.org/wiki/U.S._Route_411_(1926),Q409923,u.s._route_411_(1926),u.s._route_411_(1926),Replaced by US 58
254,US 411,U.S. Route 411 (1930s),['North Carolina'],1932.0,1934.0,109.0,175.0,"Madison, NC","Rockingham, NC",https://en.wikipedia.org/wiki/U.S._Route_411_(1930s),Q4817840,u.s._route_411_(1930s),u.s._route_411_(1930s),Replaced by US 220
255,US 412,U.S. Route 412,"['New Mexico', 'Oklahoma', 'Arkansas', 'Missouri', 'Tennessee']",1982.0,,1131.0,1820.0,"I-25 Bus./US 56/NM 21 in Springer, NM","I-65 in Columbia, TN",https://en.wikipedia.org/wiki/U.S._Route_412,Q410975,u.s._route_412,u.s._route_412,
256,US 420,U.S. Route 420,['Wyoming'],1926.0,1933.0,41.0,66.0,"Deaver, WY","Cody, WY",https://en.wikipedia.org/wiki/U.S._Route_420,Q4116179,u.s._route_420,u.s._route_420,"Replaced by US 116, which became part of US 14 just one year later"
257,US 421,U.S. Route 421,"['North Carolina', 'Tennessee', 'Virginia', 'Kentucky', 'Indiana']",1930.0,,941.0,1514.0,"Federal Point Boat Launch in Federal Point, NC","US 20 in Michigan City, IN",https://en.wikipedia.org/wiki/U.S._Route_421,Q4816650,u.s._route_421,u.s._route_421,
258,US 422,U.S. Route 422,"['Ohio', 'Pennsylvania']",1926.0,,273.0,439.0,"US 6, US 20, US 42, US 322 in Cleveland, OHUS 322, PA 39) in Hershey, PA","US 219 in Ebensburg, PAUS 202 in King of Prussia, PA",https://en.wikipedia.org/wiki/U.S._Route_422,Q935679,u.s._route_422,u.s._route_422,
259,US 425,U.S. Route 425,"['Mississippi', 'Louisiana', 'Arkansas']",1989.0,,219.0,352.0,"US 61, US 98 in Natchez, MS","I-530, US 65 in Pine Bluff, AR",https://en.wikipedia.org/wiki/U.S._Route_425,Q410998,u.s._route_425,u.s._route_425,
260,US 430,U.S. Route 430,['Illinois'],1926.0,1934.0,37.0,60.0,"Crystal Lake, IL","Aurora, IL",https://en.wikipedia.org/wiki/U.S._Route_430,Q1068135,u.s._route_430,u.s._route_430,"Intrastate, Illinois only; redesignated IL 31"
261,US 431,U.S. Route 431,"['Alabama', 'Tennessee', 'Kentucky']",1954.0,,556.0,895.0,"US 231 in Dothan, AL","US 60 in Owensboro, KY",https://en.wikipedia.org/wiki/U.S._Route_431,Q4816707,u.s._route_431,u.s._route_431,
262,US 441,U.S. Route 441,"['Florida', 'Georgia', 'North Carolina', 'Tennessee']",1926.0,,936.0,1506.0,"US 27 in Miami, FL","US 25W in Lake City, TN",https://en.wikipedia.org/wiki/U.S._Route_441,Q4816739,u.s._route_441,u.s._route_441,Florida signs the southern end at US 41
263,US 450,U.S. Route 450,"['Arizona', 'New Mexico', 'Colorado', 'Kansas', 'Missouri']",1926.0,1939.0,465.0,748.0,"Walsenburg, CO","Crescent Junction, UT",https://en.wikipedia.org/wiki/U.S._Route_450,Q646437,u.s._route_450,u.s._route_450,Replaced by US 160
264,US 460,U.S. Route 460,"['Kentucky', 'West Virginia', 'Virginia']",1933.0,,655.0,1054.0,"US 60, US 421 in Frankfort, KY","US 60 in Norfolk, VA",https://en.wikipedia.org/wiki/U.S._Route_460,Q985712,u.s._route_460,u.s._route_460,
265,US 466,U.S. Route 466,"['California', 'Nevada', 'Arizona']",1926.0,,53.0,85.0,"Los Lunas, NM","Socorro, NM",https://en.wikipedia.org/wiki/U.S._Route_466,Q798308,u.s._route_466,u.s._route_466,Replaced by US 85; not in revised numbering plan
266,US 466,U.S. Route 466,"['California', 'Nevada', 'Arizona']",1935.0,1971.0,526.0,847.0,"Kingman, AZ","Morro Bay, CA",https://en.wikipedia.org/wiki/U.S._Route_466,Q798308,u.s._route_466,u.s._route_466,
267,US 470,U.S. Route 470,['New Mexico'],1926.0,1931.0,73.0,117.0,"Willard, NM","Albuquerque, NM",https://en.wikipedia.org/wiki/U.S._Route_470,Q25346004,,u.s._route_470,Replaced by US 366
268,US 485,U.S. Route 485,"['Arizona', 'New Mexico', 'Oklahoma', 'Arkansas', 'Tennessee', 'North Carolina']",1926.0,1931.0,164.0,264.0,"Raton, NM","Santa Fe, NM",https://en.wikipedia.org/wiki/U.S._Route_485,Q410000,u.s._route_485,u.s._route_485,Replaced by US 64
269,US 491,U.S. Route 491,"['New Mexico', 'Colorado', 'Utah']",2003.0,,198.0,319.0,"I-40 in Gallup, NM","US 191 in Monticello, UT",https://en.wikipedia.org/wiki/U.S._Route_491,Q452804,u.s._route_491,u.s._route_491,Result of a renumbering of US Route 666
270,US 501,U.S. Route 501,"['South Carolina', 'North Carolina', 'Virginia']",1926.0,,355.0,571.0,"US 17 Bus. in Myrtle Beach, SC","US 60 in Buena Vista, VA",https://en.wikipedia.org/wiki/U.S._Route_501,Q4297359,u.s._route_501,u.s._route_501,
271,US 511,U.S. Route 511,"['Tennessee', 'Virginia']",1926.0,1929.0,284.0,457.0,"Bristol, TN","Strawberry Plains, TN",https://en.wikipedia.org/wiki/U.S._Route_511,Q2400023,u.s._route_511,u.s._route_511,Replaced by US 11E
272,US 521,U.S. Route 521,"['South Carolina', 'North Carolina']",1932.0,,177.0,285.0,"US 17 in Georgetown, SC","I-485 in Charlotte, NC",https://en.wikipedia.org/wiki/U.S._Route_521,Q4297381,u.s._route_521,u.s._route_521,
273,US 522,U.S. Route 522,"['Virginia', 'West Virginia', 'Maryland', 'Pennsylvania']",1926.0,,308.0,496.0,"US 60 northwest of Powhatan, VA","US 11, US 15 in Selinsgrove, PA",https://en.wikipedia.org/wiki/U.S._Route_522,Q4120325,u.s._route_522,u.s._route_522,
274,US 530,U.S. Route 530 in Utah,"['Utah', 'Wyoming']",1926.0,1938.0,25.0,40.0,"Echo, UT","Kimball Junction, UT",https://en.wikipedia.org/wiki/U.S._Route_530_in_Utah,Q2507252,u.s._route_530_in_utah,u.s._route_530_in_utah,Replaced by US 189
275,US 541,U.S. Route 541,,1931.0,1951.0,51.0,82.0,"Chapman, FL","Bradenton, FL",https://en.wikipedia.org/wiki/U.S._Route_541,Q2429888,,u.s._route_541,Replaced by Bus. US 41 and US 41
276,US 550,U.S. Route 550,"['New Mexico', 'Colorado']",1926.0,,302.0,486.0,"I-25, US 85 in Bernalillo, NM","US 50 in Montrose, CO",https://en.wikipedia.org/wiki/U.S._Route_550,Q981620,u.s._route_550,u.s._route_550,
277,US 566,U.S. Route 566,"['New Mexico', 'Texas']",1926.0,1931.0,118.0,190.0,"Hondo, NM","San Antonio, NM",https://en.wikipedia.org/wiki/U.S._Route_566,Q981610,u.s._route_566,u.s._route_566,Replaced by US 380
278,US 601,U.S. Route 601,"['South Carolina', 'North Carolina']",1926.0,,319.0,513.0,"US 321 south of Furman, SC","US 52 in Mount Airy, NC",https://en.wikipedia.org/wiki/U.S._Route_601,Q4297404,u.s._route_601,u.s._route_601,
279,US 611,U.S. Route 611 in Pennsylvania,['Pennsylvania'],1926.0,1972.0,131.0,211.0,"Philadelphia, PA","Scranton, PA",https://en.wikipedia.org/wiki/U.S._Route_611_in_Pennsylvania,Q1498898,u.s._route_611_in_pennsylvania,u.s._route_611_in_pennsylvania,Redesignated PA 611
280,US 622,U.S. Route 622,"['Virginia', 'West Virginia', 'Maryland', 'Pennsylvania']",1926.0,,66.0,106.0,"Mount Union, PA","Hancock, MD",https://en.wikipedia.org/wiki/U.S._Route_622,Q4120325,u.s._route_622,u.s._route_622,Possibly unsigned; replaced by US 522
281,US 630,U.S. Route 630,,1926.0,,37.0,60.0,"Echo, UT","Ogden, UT",https://en.wikipedia.org/wiki/U.S._Route_630,Q2431094,,u.s._route_630,Replaced by I-84; not in revised numbering plan
282,US 630,U.S. Route 630,,1926.0,1933.0,2.0,3.2,"Weiser, ID","Weiser Junction, OR",https://en.wikipedia.org/wiki/U.S._Route_630,Q2431094,,u.s._route_630,Replaced by US 95 Spur
283,US 641,U.S. Route 641,"['Tennessee', 'Kentucky']",1955.0,,165.0,266.0,"US 64 in Clifton Junction, TN","US 60 in Marion, KY",https://en.wikipedia.org/wiki/U.S._Route_641,Q4816747,u.s._route_641,u.s._route_641,
284,US 650,U.S. Route 650,"['Texas', 'New Mexico', 'Colorado']",1926.0,1936.0,27.0,43.0,"Buena Vista, CO","Salida, CO",https://en.wikipedia.org/wiki/U.S._Route_650,Q981591,u.s._route_650,u.s._route_650,Replaced by US 285
285,US 666,U.S. Route 666,"['New Mexico', 'Colorado', 'Utah']",1926.0,2003.0,605.0,974.0,"Monticello, UT","Douglas, AZ",https://en.wikipedia.org/wiki/U.S._Route_666,Q452804,u.s._route_666,u.s._route_666,Replaced by US 491
286,US 701,U.S. Route 701,"['South Carolina', 'North Carolina']",1932.0,,172.0,277.0,"US 17 in Georgetown, SC","I-95, US 301 southwest of Smithfield, NC",https://en.wikipedia.org/wiki/U.S._Route_701,Q4297419,u.s._route_701,u.s._route_701,
287,US 711,U.S. Route 711,"['North Carolina', 'Virginia', 'West Virginia', 'Maryland', 'Pennsylvania']",1926.0,,103.0,166.0,"South Waverly, PA","Northumberland, PA",https://en.wikipedia.org/wiki/U.S._Route_711,Q935367,u.s._route_711,u.s._route_711,Possibly unsigned; replaced by US 220
288,US 730,U.S. Route 730,"['Oregon', 'Washington']",1926.0,,42.0,68.0,"I-84, US 30 east of Boardman, OR","US 12 south of Wallula, WA",https://en.wikipedia.org/wiki/U.S._Route_730,Q833230,u.s._route_730,u.s._route_730,
289,US 789,U.S. Route 789,['Wyoming'],,,,,—,—,https://en.wikipedia.org/wiki/U.S._Route_789,Q2509216,u.s._route_789,u.s._route_789,"Proposed, but never commissioned"
290,US 830,U.S. Route 830,['Washington'],1926.0,1968.0,209.0,336.0,"US 101 northeast of Ilwaco, WA","US 97 north of Maryhill, WA",https://en.wikipedia.org/wiki/U.S._Route_830,Q833241,,u.s._route_830,"Intrastate, Washington only; now SR 14, I-5 (former US 99), SR 432, and SR 4"
